group,sample_id,group_label,spectrum,file,criterion,Hem_225_observed_cm-1,Hem_225_normalized_height,Hem_225_above_threshold,Hem_412_observed_cm-1,Hem_412_normalized_height,Hem_412_above_threshold,Hem_613_observed_cm-1,Hem_613_normalized_height,Hem_613_above_threshold,Hem_294_observed_cm-1,Hem_294_normalized_height,Hem_294_above_threshold,hematite_screening_bands_present,hematite_screening_positive
1,S1,"S1, red surface",1-YDC_11,1\1-YDC_11.txt,"operational screen: bands near 225, 412 and 613 cm-1 all >=0.10 within +/-8 cm-1",224.849,0.3955391170185133,True,411.944,0.6762719919805986,True,613.13,0.3893662490370483,True,293.83,0.9368023868202698,True,3,True
1,S1,"S1, red surface",1-YDC_12,1\1-YDC_12.txt,"operational screen: bands near 225, 412 and 613 cm-1 all >=0.10 within +/-8 cm-1",224.849,0.4051437888627756,True,411.944,0.6795048057492792,True,613.13,0.4487800791663688,True,293.83,1.1156541662035042,True,3,True
1,S1,"S1, red surface",1-YDC_13,1\1-YDC_13.txt,"operational screen: bands near 225, 412 and 613 cm-1 all >=0.10 within +/-8 cm-1",224.849,0.40204714663327323,True,411.944,0.558476945248121,True,613.13,0.3793673995244982,True,293.83,0.8953384463930723,True,3,True
1,S1,"S1, red surface",1-YDC_14,1\1-YDC_14.txt,"operational screen: bands near 225, 412 and 613 cm-1 all >=0.10 within +/-8 cm-1",224.849,0.48438845334373387,True,411.944,0.5483988102101952,True,613.13,0.31202792310932265,True,293.83,1.134021329052115,True,3,True
1,S1,"S1, red surface",1-YDC_15,1\1-YDC_15.txt,"operational screen: bands near 225, 412 and 613 cm-1 all >=0.10 within +/-8 cm-1",227.864,0.5145892319708326,True,411.944,0.5217963342542656,True,613.13,0.2551509504146606,True,293.83,1.1158299606508044,True,3,True
1,S1,"S1, red surface",1-YDC_16,1\1-YDC_16.txt,"operational screen: bands near 225, 412 and 613 cm-1 all >=0.10 within +/-8 cm-1",227.864,0.455490540830132,True,411.944,0.6043712183395458,True,613.13,0.3228030870714484,True,293.83,1.1154803047040625,True,3,True
1,S1,"S1, red surface",1-YDC_17,1\1-YDC_17.txt,"operational screen: bands near 225, 412 and 613 cm-1 all >=0.10 within +/-8 cm-1",227.864,0.47801809914641213,True,411.944,0.5733436659195106,True,613.13,0.2808150551378722,True,293.83,1.1089091230302106,True,3,True
2,S2,"S2, pink-red surface",2-YDC_1,2\2-YDC_1.txt,"operational screen: bands near 225, 412 and 613 cm-1 all >=0.10 within +/-8 cm-1",227.864,0.7306901091728891,True,411.944,0.9650620551386098,True,607.477,0.5643828265039015,True,296.812,1.0316897016204205,True,3,True
2,S2,"S2, pink-red surface",2-YDC_2,2\2-YDC_2.txt,"operational screen: bands near 225, 412 and 613 cm-1 all >=0.10 within +/-8 cm-1",227.864,0.6357480194763466,True,411.944,0.5673112820286774,True,610.304,0.3249564372724898,True,293.83,1.0669967035975372,True,3,True
2,S2,"S2, pink-red surface",2-YDC_3,2\2-YDC_3.txt,"operational screen: bands near 225, 412 and 613 cm-1 all >=0.10 within +/-8 cm-1",227.864,0.5620167455969352,True,411.944,0.7298529509889754,True,613.13,0.446209213083518,True,293.83,1.0603723830207203,True,3,True
2,S2,"S2, pink-red surface",2-YDC_4,2\2-YDC_4.txt,"operational screen: bands near 225, 412 and 613 cm-1 all >=0.10 within +/-8 cm-1",230.878,0.6914560416761386,True,411.944,0.9522141247711023,True,613.13,0.6048038439840561,True,296.812,1.0149379565730292,True,3,True
2,S2,"S2, pink-red surface",2-YDC_5,2\2-YDC_5.txt,"operational screen: bands near 225, 412 and 613 cm-1 all >=0.10 within +/-8 cm-1",224.849,0.7498837245273854,True,411.944,0.9799939693453755,True,607.477,0.5829584221461847,True,296.812,1.0297879752786459,True,3,True
2,S2,"S2, pink-red surface",2-YDC_6,2\2-YDC_6.txt,"operational screen: bands near 225, 412 and 613 cm-1 all >=0.10 within +/-8 cm-1",227.864,0.578851890729768,True,411.944,0.64370402097743,True,613.13,0.34580487879379024,True,296.812,1.0725827552803862,True,3,True
2,S2,"S2, pink-red surface",2-YDC_7,2\2-YDC_7.txt,"operational screen: bands near 225, 412 and 613 cm-1 all >=0.10 within +/-8 cm-1",227.864,0.5238751132797507,True,411.944,0.7648545869947769,True,610.304,0.40746170575062296,True,293.83,1.074573097583612,True,3,True
2,S2,"S2, pink-red surface",2-YDC_8,2\2-YDC_8.txt,"operational screen: bands near 225, 412 and 613 cm-1 all >=0.10 within +/-8 cm-1",227.864,0.6245817455531482,True,409.019,0.8804619449245782,True,610.304,0.5176605330462769,True,293.83,1.0702089848236993,True,3,True
2,S2,"S2, pink-red surface",2-YDC_9,2\2-YDC_9.txt,"operational screen: bands near 225, 412 and 613 cm-1 all >=0.10 within +/-8 cm-1",224.849,0.6142102109835226,True,411.944,0.7122775253023419,True,610.304,0.4097864647644933,True,293.83,1.0747355672204193,True,3,True
3,S4,"S4, coloured surface points",3-YDC,3\3-1\3-YDC.txt,"operational screen: bands near 225, 412 and 613 cm-1 all >=0.10 within +/-8 cm-1",224.849,0.44720395820850334,True,411.944,0.7448492481764284,True,613.13,0.37050213613375377,True,293.83,1.108879488460173,True,3,True
3,S4,"S4, coloured surface points",3-YDC_1,3\3-1\3-YDC_1.txt,"operational screen: bands near 225, 412 and 613 cm-1 all >=0.10 within +/-8 cm-1",227.864,0.44032599466177874,True,411.944,0.656478770116272,True,613.13,0.3486028969240497,True,293.83,1.111445508992917,True,3,True
3,S4,"S4, coloured surface points",3-YDC_12,3\3-1\3-YDC_12.txt,"operational screen: bands near 225, 412 and 613 cm-1 all >=0.10 within +/-8 cm-1",227.864,0.3611762287033261,True,411.944,0.7495364051553838,True,613.13,0.37025907914993245,True,293.83,1.0940865797570103,True,3,True
3,S4,"S4, coloured surface points",3-YDC_2,3\3-1\3-YDC_2.txt,"operational screen: bands near 225, 412 and 613 cm-1 all >=0.10 within +/-8 cm-1",224.849,0.4830854537628236,True,411.944,0.6280305933524589,True,613.13,0.3617610333895462,True,293.83,1.1242211799015331,True,3,True
3,S4,"S4, coloured surface points",3-YDC_7,3\3-1\3-YDC_7.txt,"operational screen: bands near 225, 412 and 613 cm-1 all >=0.10 within +/-8 cm-1",224.849,0.4690744303337688,True,411.944,0.6192579878266745,True,613.13,0.3364548206438548,True,293.83,1.1326531169108636,True,3,True
3,S4,"S4, coloured surface points",3-YDC_9,3\3-1\3-YDC_9.txt,"operational screen: bands near 225, 412 and 613 cm-1 all >=0.10 within +/-8 cm-1",227.864,0.5404650762113834,True,411.944,0.6378723586550724,True,613.13,0.3604351507450896,True,293.83,1.1122242329926364,True,3,True
3,S4,"S4, coloured surface points",3-YDC_3,3\3-2\3-YDC_3.txt,"operational screen: bands near 225, 412 and 613 cm-1 all >=0.10 within +/-8 cm-1",224.849,0.5261972955958107,True,409.019,0.4760545345298008,True,610.304,0.2433477102773941,True,293.83,1.0927601311303219,True,3,True
3,S4,"S4, coloured surface points",3-YDC_4,3\3-2\3-YDC_4.txt,"operational screen: bands near 225, 412 and 613 cm-1 all >=0.10 within +/-8 cm-1",224.849,0.4888813271009418,True,409.019,0.5178767204041538,True,610.304,0.26496326778008744,True,293.83,1.1188089144249236,True,3,True
3,S4,"S4, coloured surface points",3-YDC_5,3\3-3\3-YDC_5.txt,"operational screen: bands near 225, 412 and 613 cm-1 all >=0.10 within +/-8 cm-1",227.864,0.5640485603533695,True,411.944,0.46910593642545256,True,613.13,0.25624767628134987,True,293.83,1.0998832562997638,True,3,True
3,S4,"S4, coloured surface points",3-YDC_6,3\3-3\3-YDC_6.txt,"operational screen: bands near 225, 412 and 613 cm-1 all >=0.10 within +/-8 cm-1",227.864,0.5036958382080661,True,411.944,0.5123841852657501,True,613.13,0.2781819896612069,True,293.83,1.1155907588833844,True,3,True
3,S4,"S4, coloured surface points",3-YDC_8,3\3-3\3-YDC_8.txt,"operational screen: bands near 225, 412 and 613 cm-1 all >=0.10 within +/-8 cm-1",224.849,0.518271833662022,True,409.019,0.4716821974160665,True,610.304,0.2142400704138825,True,293.83,1.088545155253102,True,3,True
3,S4,"S4, coloured surface points",3-YDC_10,3\3-YDC_10.txt,"operational screen: bands near 225, 412 and 613 cm-1 all >=0.10 within +/-8 cm-1",227.864,0.5383362052814156,True,411.944,0.7095414813639059,True,613.13,0.40483898708859894,True,293.83,1.0780716299531143,True,3,True
3,S4,"S4, coloured surface points",3-YDC_11,3\3-YDC_11.txt,"operational screen: bands near 225, 412 and 613 cm-1 all >=0.10 within +/-8 cm-1",227.864,0.5467261024972047,True,411.944,0.6732299682001494,True,613.13,0.4200986894127851,True,296.812,1.0931393381863876,True,3,True
3,S4,"S4, coloured surface points",3-YDC_13,3\3-YDC_13.txt,"operational screen: bands near 225, 412 and 613 cm-1 all >=0.10 within +/-8 cm-1",227.864,0.548770897688947,True,409.019,0.46223232837809586,True,610.304,0.2091262940834933,True,293.83,1.1085287113890694,True,3,True
3,S4,"S4, coloured surface points",3-YDC_14,3\3-YDC_14.txt,"operational screen: bands near 225, 412 and 613 cm-1 all >=0.10 within +/-8 cm-1",227.864,0.5252242371225005,True,409.019,0.47866547089505646,True,613.13,0.23096384496934,True,293.83,1.1172600825952188,True,3,True
3,S4,"S4, coloured surface points",3-YDC_15,3\3-YDC_15.txt,"operational screen: bands near 225, 412 and 613 cm-1 all >=0.10 within +/-8 cm-1",227.864,0.4345309091734633,True,411.944,0.6218893403535904,True,613.13,0.32235035218649055,True,293.83,1.1103155351850713,True,3,True
3,S4,"S4, coloured surface points",3-YDC_16,3\3-YDC_16.txt,"operational screen: bands near 225, 412 and 613 cm-1 all >=0.10 within +/-8 cm-1",227.864,0.5118586522989571,True,411.944,0.5185748949145971,True,613.13,0.25469748053763086,True,293.83,1.1178664252012487,True,3,True
4,S2-FW,"S2-FW, fresh white fracture",4-YDC,4\4-YDC.txt,"operational screen: bands near 225, 412 and 613 cm-1 all >=0.10 within +/-8 cm-1",224.849,0.06293278975605457,False,406.093,0.027367671767154707,False,610.304,0.04245575581615273,False,287.863,0.8720851208085324,True,0,False
4,S2-FW,"S2-FW, fresh white fracture",4-YDC_1,4\4-YDC_1.txt,"operational screen: bands near 225, 412 and 613 cm-1 all >=0.10 within +/-8 cm-1",230.878,0.10409437121237519,True,411.944,0.041492719099140575,False,607.477,0.052319438049921986,False,287.863,0.8533633366166996,True,1,False
4,S2-FW,"S2-FW, fresh white fracture",4-YDC_2,4\4-YDC_2.txt,"operational screen: bands near 225, 412 and 613 cm-1 all >=0.10 within +/-8 cm-1",230.878,0.11295645013995544,True,411.944,0.0435023455879964,False,607.477,0.0449560857481397,False,287.863,0.867627617637054,True,1,False
4,S2-FW,"S2-FW, fresh white fracture",4-YDC_3,4\4-YDC_3.txt,"operational screen: bands near 225, 412 and 613 cm-1 all >=0.10 within +/-8 cm-1",230.878,0.11503488587175796,True,417.789,0.04063838467801616,False,607.477,0.04756263909331913,False,287.863,0.8812830358624326,True,1,False
4,S2-FW,"S2-FW, fresh white fracture",4-YDC_4,4\4-YDC_4.txt,"operational screen: bands near 225, 412 and 613 cm-1 all >=0.10 within +/-8 cm-1",230.878,0.07806275077902633,False,414.866,0.016851538403302814,False,615.954,0.03165176645171631,False,287.863,0.8757581699036553,True,0,False
4,S2-FW,"S2-FW, fresh white fracture",4-YDC_5,4\4-YDC_5.txt,"operational screen: bands near 225, 412 and 613 cm-1 all >=0.10 within +/-8 cm-1",230.878,0.06602841539696051,False,406.093,0.011528986926167955,False,607.477,0.028176020447492737,False,287.863,0.8681776261013561,True,0,False
