raman_shift_cm-1,group_1_mean,group_1_sd,group_1_n,group_2_mean,group_2_sd,group_2_n,group_3_mean,group_3_sd,group_3_n,group_4_mean,group_4_sd,group_4_n
102.984,1.71232e-05,4.53038e-05,7,0.00268553,0.0034821,9,0.0159791,0.0284763,17,0.110066,0.0397738,6
106.061,0.0158574,0.0176092,7,0.000149277,0.000447831,9,0.0183553,0.0279915,17,0.119713,0.0324894,6
109.136,0.0321269,0.0324494,7,0.00378717,0.0073156,9,0.0219718,0.0275635,17,0.122006,0.0272641,6
112.209,0.0438973,0.0429574,7,0.0112834,0.0160248,9,0.0244419,0.0276475,17,0.119042,0.0235441,6
115.281,0.051764,0.0495747,7,0.0225547,0.0256022,9,0.0259796,0.0276096,17,0.112917,0.0211236,6
118.351,0.0562904,0.0529015,7,0.0379151,0.0348958,9,0.0268645,0.0271399,17,0.105728,0.0200756,6
121.42,0.0580508,0.0535415,7,0.0550017,0.0450183,9,0.0273788,0.0260833,17,0.0995707,0.0204549,6
124.487,0.0576199,0.0521063,7,0.0728644,0.0554696,9,0.0278364,0.0244008,17,0.0965431,0.0220005,6
127.552,0.0575178,0.0507737,7,0.0898312,0.0668784,9,0.030423,0.023305,17,0.0957958,0.0227871,6
130.616,0.0549928,0.0484372,7,0.103046,0.073309,9,0.033715,0.0277914,17,0.104072,0.0252136,6
133.679,0.0521089,0.0459711,7,0.116098,0.0804421,9,0.0360829,0.0382523,17,0.134664,0.0287293,6
136.74,0.0477485,0.0427842,7,0.12595,0.084568,9,0.037303,0.0504166,17,0.183949,0.027906,6
139.799,0.0418434,0.0381329,7,0.132473,0.0871036,9,0.037181,0.0607727,17,0.257826,0.0292292,6
142.857,0.0373057,0.0345709,7,0.141134,0.0878294,9,0.0368199,0.0667487,17,0.33437,0.0284684,6
145.914,0.0338696,0.0294848,7,0.152473,0.0950955,9,0.0357156,0.0692281,17,0.401331,0.0254925,6
148.969,0.0334947,0.0263619,7,0.161181,0.0967504,9,0.0342794,0.0666226,17,0.451286,0.0277465,6
152.023,0.0302905,0.0227151,7,0.171417,0.0994714,9,0.0306324,0.0603731,17,0.476923,0.0250764,6
155.074,0.0295181,0.0211827,7,0.18588,0.104432,9,0.0271523,0.0503688,17,0.480429,0.0225535,6
158.124,0.028695,0.0202777,7,0.200521,0.110747,9,0.0239188,0.0383802,17,0.459606,0.0206215,6
161.173,0.0329047,0.0215238,7,0.213264,0.11339,9,0.0241244,0.0291755,17,0.416491,0.018726,6
164.22,0.0427708,0.0271466,7,0.230839,0.118878,9,0.0273541,0.0304785,17,0.352601,0.015597,6
167.266,0.0540133,0.0329451,7,0.255772,0.12834,9,0.0331156,0.0395467,17,0.275813,0.0147826,6
170.31,0.066259,0.0395592,7,0.272916,0.134415,9,0.0410678,0.0479778,17,0.197868,0.0131152,6
173.353,0.0731154,0.043755,7,0.290726,0.137424,9,0.0455206,0.0515886,17,0.131591,0.0172399,6
176.394,0.0773625,0.046778,7,0.305222,0.139681,9,0.047881,0.0533954,17,0.0894214,0.018203,6
179.434,0.0765098,0.0469181,7,0.31815,0.144003,9,0.0475411,0.0527053,17,0.0663873,0.0138617,6
182.472,0.0726019,0.0459441,7,0.329383,0.149127,9,0.0466241,0.0515942,17,0.0661599,0.0173408,6
185.509,0.0656047,0.0424243,7,0.343239,0.156907,9,0.0439362,0.0486565,17,0.0677851,0.0202009,6
188.544,0.0553719,0.0375644,7,0.349583,0.160753,9,0.0392999,0.0442541,17,0.0689869,0.0218844,6
191.577,0.0447383,0.0342995,7,0.354796,0.162857,9,0.0335131,0.0394142,17,0.0695821,0.0248682,6
194.61,0.0285276,0.0272098,7,0.355971,0.167072,9,0.0260876,0.0353176,17,0.0687145,0.0281402,6
197.641,0.0169574,0.0216963,7,0.352552,0.171086,9,0.0158221,0.0325726,17,0.0682686,0.0285439,6
200.67,0.00973153,0.014204,7,0.347588,0.175664,9,0.0124833,0.0309286,17,0.0682452,0.0267772,6
203.698,0.0134119,0.017353,7,0.352419,0.177962,9,0.0162801,0.0346386,17,0.0686787,0.0266369,6
206.724,0.0456865,0.0265924,7,0.377099,0.175494,9,0.0529519,0.0346957,17,0.0670348,0.0214108,6
209.748,0.120278,0.0245271,7,0.419652,0.16128,9,0.137841,0.034787,17,0.0661662,0.0221,6
212.772,0.21899,0.0175112,7,0.476226,0.134392,9,0.242688,0.0397146,17,0.0683103,0.0206913,6
215.792,0.308643,0.0164015,7,0.533223,0.111831,9,0.339214,0.0441481,17,0.0716594,0.0213602,6
218.813,0.379228,0.0245542,7,0.576095,0.0926265,9,0.415384,0.0490808,17,0.0721231,0.0189453,6
221.832,0.424705,0.0364327,7,0.607345,0.0812937,9,0.466662,0.052826,17,0.0734526,0.0181858,6
224.849,0.445719,0.0448769,7,0.627227,0.0769094,9,0.493118,0.053497,17,0.0788331,0.0194602,6
227.864,0.444372,0.0508224,7,0.633396,0.075052,9,0.495357,0.0527469,17,0.0844315,0.0216179,6
230.878,0.422045,0.0503429,7,0.62369,0.0744108,9,0.471797,0.0513447,17,0.0896216,0.0239914,6
233.891,0.375873,0.0468224,7,0.606097,0.0825837,9,0.422312,0.0504239,17,0.0954355,0.0252216,6
236.902,0.305848,0.0405063,7,0.573984,0.0977718,9,0.347456,0.0501274,17,0.101251,0.0227893,6
239.911,0.220625,0.0308998,7,0.530465,0.121902,9,0.254493,0.0545053,17,0.112359,0.0201949,6
242.92,0.134951,0.0219566,7,0.49076,0.147687,9,0.166574,0.0562774,17,0.124906,0.0180134,6
245.926,0.07324,0.016495,7,0.464029,0.172697,9,0.102123,0.0549947,17,0.14152,0.021208,6
248.931,0.0425806,0.0133382,7,0.457595,0.188599,9,0.0719792,0.0500668,17,0.157894,0.020372,6
251.935,0.0417076,0.0136012,7,0.462029,0.194132,9,0.0730717,0.0503007,17,0.183133,0.0229146,6
254.937,0.0488786,0.0120982,7,0.473094,0.197028,9,0.0781638,0.0518335,17,0.224238,0.0254941,6
257.938,0.0462739,0.00935844,7,0.475577,0.200638,9,0.074531,0.0533609,17,0.291928,0.0285137,6
260.937,0.0394996,0.00851185,7,0.476375,0.206936,9,0.0639575,0.0522639,17,0.402244,0.0290208,6
263.935,0.0294052,0.0105484,7,0.471621,0.21184,9,0.0501277,0.0528378,17,0.550644,0.0260009,6
266.931,0.0249306,0.0132958,7,0.46876,0.215954,9,0.0446595,0.0504316,17,0.71628,0.0195657,6
269.926,0.0468948,0.0167811,7,0.473184,0.214953,9,0.0664757,0.0486185,17,0.870829,0.0117463,6
272.919,0.114653,0.0216372,7,0.501289,0.203549,9,0.133592,0.0485808,17,0.997147,0.00622688,6
275.911,0.242429,0.0274557,7,0.566214,0.178186,9,0.264368,0.0504577,17,1.07485,0.00482677,6
278.901,0.418936,0.0347054,7,0.657649,0.138914,9,0.443126,0.0519551,17,1.10163,0.00873166,6
281.89,0.609872,0.049708,7,0.766272,0.101054,9,0.638175,0.0497958,17,1.07483,0.0107195,6
284.878,0.787506,0.0663669,7,0.870268,0.0583099,9,0.822084,0.0448099,17,0.994668,0.0107859,6
287.863,0.931797,0.0823413,7,0.961372,0.0278494,9,0.970861,0.0357215,17,0.869716,0.00948741,6
290.848,1.02706,0.0921881,7,1.02426,0.0209828,9,1.06888,0.0240903,17,0.708877,0.0130497,6
293.83,1.06029,0.0995441,7,1.05334,0.02466,9,1.10662,0.0152188,17,0.537829,0.0147998,6
296.812,1.03242,0.099636,7,1.04917,0.0194872,9,1.08109,0.0211852,17,0.376985,0.0221859,6
299.791,0.944568,0.0945484,7,1.01209,0.0112395,9,0.992631,0.0357544,17,0.252041,0.0287167,6
302.77,0.801863,0.0833823,7,0.945802,0.0368343,9,0.84567,0.0508863,17,0.171776,0.031552,6
305.747,0.61754,0.0673505,7,0.851564,0.0785575,9,0.657741,0.062743,17,0.129998,0.029119,6
308.723,0.421899,0.048616,7,0.745592,0.125333,9,0.459391,0.067269,17,0.109755,0.025505,6
311.697,0.248745,0.0315092,7,0.646979,0.167744,9,0.285853,0.0649079,17,0.100262,0.0251702,6
314.669,0.126335,0.0157292,7,0.57425,0.198902,9,0.160833,0.0577695,17,0.0943437,0.0258078,6
317.64,0.0609648,0.0102116,7,0.52873,0.216177,9,0.0941967,0.0528374,17,0.0867269,0.0249771,6
320.609,0.0330249,0.0100302,7,0.502919,0.220296,9,0.0632216,0.0496529,17,0.0801804,0.0240096,6
323.578,0.0191723,0.0106175,7,0.487816,0.222958,9,0.0491192,0.0482895,17,0.0735846,0.0196508,6
326.545,0.0147493,0.0105063,7,0.472512,0.215499,9,0.0434938,0.0487595,17,0.0674891,0.0190568,6
329.51,0.0133212,0.0102303,7,0.464996,0.211382,9,0.0397088,0.0480481,17,0.0598312,0.0160053,6
332.473,0.0114111,0.00969643,7,0.454536,0.208555,9,0.0363515,0.047457,17,0.0537384,0.0154141,6
335.436,0.00829154,0.00680527,7,0.451608,0.208837,9,0.0326223,0.0443104,17,0.0476406,0.0136026,6
338.397,0.00711187,0.00694573,7,0.448679,0.206466,9,0.0302433,0.0433588,17,0.041387,0.0124804,6
341.356,0.00705655,0.0072109,7,0.450969,0.207512,9,0.0288321,0.0436271,17,0.0381788,0.0128562,6
344.314,0.00750028,0.00862594,7,0.453819,0.208403,9,0.0278163,0.0429007,17,0.0338452,0.00866394,6
347.27,0.00808956,0.00931562,7,0.462059,0.214227,9,0.0274088,0.0432051,17,0.0342509,0.0104489,6
350.225,0.00813052,0.0108327,7,0.474323,0.222545,9,0.0278115,0.0439265,17,0.0357503,0.0150074,6
353.178,0.0076224,0.0104868,7,0.483961,0.227149,9,0.0291642,0.0451463,17,0.035928,0.0170385,6
356.131,0.00870619,0.0121273,7,0.493256,0.233971,9,0.0295033,0.0454387,17,0.0352475,0.0182093,6
359.081,0.010175,0.0138778,7,0.493902,0.232364,9,0.0299932,0.0467469,17,0.0361372,0.0204343,6
362.031,0.0106448,0.0133224,7,0.494265,0.230373,9,0.0307477,0.0476286,17,0.0361221,0.0210911,6
364.978,0.0110006,0.0122699,7,0.488781,0.226091,9,0.0318025,0.0493326,17,0.0370489,0.0219049,6
367.924,0.0122567,0.01207,7,0.476807,0.216526,9,0.031969,0.0486817,17,0.0366762,0.0219666,6
370.87,0.0140287,0.0119561,7,0.465485,0.21144,9,0.0332511,0.0482325,17,0.035104,0.0223993,6
373.813,0.0145118,0.0104462,7,0.455392,0.205151,9,0.0353557,0.0472892,17,0.034378,0.0215472,6
376.754,0.0153224,0.0100597,7,0.446504,0.199316,9,0.0366989,0.0449458,17,0.0312203,0.018919,6
379.695,0.0155166,0.00923291,7,0.434998,0.192094,9,0.0393901,0.0454375,17,0.0282793,0.0192816,6
382.634,0.0156991,0.00801971,7,0.429572,0.188013,9,0.0428106,0.0444437,17,0.0277406,0.019135,6
385.571,0.0188717,0.00714444,7,0.427655,0.183848,9,0.0496975,0.0393103,17,0.0262905,0.0169077,6
388.507,0.034768,0.0103221,7,0.436136,0.184833,9,0.0701188,0.0383984,17,0.0249577,0.0139704,6
391.442,0.0759596,0.0188189,7,0.463456,0.183949,9,0.114624,0.0363239,17,0.0248084,0.0140612,6
394.375,0.150337,0.0252843,7,0.507619,0.178627,9,0.186781,0.0315856,17,0.0215316,0.0120113,6
397.307,0.250958,0.0320614,7,0.57076,0.173515,9,0.280547,0.028522,17,0.0221814,0.010004,6
400.237,0.361405,0.0406633,7,0.640543,0.165041,9,0.380864,0.0385405,17,0.0245451,0.0119564,6
403.165,0.459193,0.0493735,7,0.707738,0.162074,9,0.470076,0.0579855,17,0.0270726,0.0126254,6
406.093,0.535244,0.0577473,7,0.759552,0.157429,9,0.536132,0.0773754,17,0.028103,0.0136494,6
409.019,0.581357,0.0613379,7,0.78835,0.153123,9,0.574024,0.0930498,17,0.0283133,0.0141699,6
411.944,0.594595,0.0621373,7,0.799438,0.150657,9,0.582505,0.105271,17,0.0286986,0.0148451,6
414.866,0.571633,0.0608302,7,0.791271,0.148589,9,0.55926,0.112623,17,0.0282079,0.0144285,6
417.789,0.517647,0.0586173,7,0.762181,0.150282,9,0.505602,0.112738,17,0.0253983,0.0132195,6
420.709,0.432514,0.0507493,7,0.711046,0.152548,9,0.427498,0.107011,17,0.0228921,0.0132533,6
423.627,0.329435,0.0415346,7,0.648651,0.161048,9,0.33151,0.0929671,17,0.0221977,0.0106813,6
426.544,0.220383,0.0291643,7,0.571655,0.165067,9,0.231683,0.0729671,17,0.0189175,0.0107612,6
429.46,0.126999,0.0188081,7,0.500722,0.167004,9,0.148006,0.0568389,17,0.0141963,0.0098657,6
432.375,0.0626508,0.0118364,7,0.448082,0.167433,9,0.0899538,0.0438597,17,0.0122991,0.0107906,6
435.288,0.029323,0.00818678,7,0.412316,0.163653,9,0.0588242,0.0367591,17,0.0113074,0.0123863,6
438.199,0.0159419,0.00595408,7,0.389684,0.161757,9,0.0453659,0.0333557,17,0.0124082,0.0120142,6
441.109,0.0114549,0.00838795,7,0.375092,0.158123,9,0.0386854,0.0329262,17,0.0130343,0.0124484,6
444.018,0.00794135,0.00849153,7,0.367146,0.157512,9,0.0335899,0.0335045,17,0.013162,0.0116936,6
446.926,0.00540646,0.00658677,7,0.364382,0.159755,9,0.0291849,0.0335328,17,0.0143226,0.0109389,6
449.831,0.00364035,0.00486142,7,0.359848,0.159152,9,0.0265395,0.0337432,17,0.0159552,0.0104924,6
452.736,0.00321336,0.00455664,7,0.362009,0.159375,9,0.0255244,0.0336194,17,0.0178799,0.0120142,6
455.639,0.0030412,0.00427066,7,0.372826,0.166085,9,0.0268042,0.0378575,17,0.0194234,0.0137385,6
458.54,0.00403454,0.00491144,7,0.384613,0.173704,9,0.0271002,0.0384691,17,0.0200632,0.0153589,6
461.44,0.00365677,0.00474708,7,0.393485,0.179656,9,0.0279546,0.0405469,17,0.0199415,0.0138157,6
464.339,0.00543401,0.00536954,7,0.402372,0.185421,9,0.0273893,0.0406551,17,0.0192881,0.0127086,6
467.236,0.00455169,0.00510181,7,0.406856,0.187358,9,0.0283129,0.0404023,17,0.0180792,0.0117342,6
470.132,0.00591998,0.00576025,7,0.414356,0.190242,9,0.0321094,0.0421268,17,0.017094,0.0114103,6
473.027,0.0126698,0.00960091,7,0.42462,0.196235,9,0.0380596,0.0431536,17,0.0159839,0.010366,6
475.92,0.0285458,0.0161814,7,0.432496,0.201728,9,0.0487152,0.0469409,17,0.0152501,0.0102126,6
478.811,0.0543048,0.0289511,7,0.442374,0.208017,9,0.0636381,0.0507923,17,0.0143625,0.0102635,6
481.702,0.0839521,0.0403803,7,0.454074,0.211014,9,0.0835628,0.0576854,17,0.0132714,0.00972333,6
484.59,0.114392,0.050963,7,0.466936,0.212716,9,0.105643,0.0639985,17,0.0129562,0.00975049,6
487.478,0.143512,0.0595278,7,0.475608,0.21098,9,0.126217,0.0689454,17,0.0129184,0.00878522,6
490.364,0.164669,0.0637138,7,0.474611,0.202614,9,0.142197,0.0728058,17,0.0128807,0.00915277,6
493.248,0.177879,0.0632905,7,0.471856,0.193953,9,0.153317,0.0735177,17,0.0127289,0.00998613,6
496.131,0.180553,0.0592479,7,0.462114,0.184746,9,0.157429,0.0721807,17,0.0119073,0.0089214,6
499.013,0.172355,0.0509208,7,0.44587,0.171705,9,0.152314,0.0658308,17,0.0101472,0.00785049,6
501.893,0.155492,0.0420356,7,0.425122,0.157156,9,0.140512,0.0582373,17,0.00891373,0.00795748,6
504.772,0.130101,0.0311784,7,0.401782,0.145741,9,0.12234,0.0501281,17,0.00987004,0.00692097,6
507.649,0.0977318,0.0190646,7,0.379242,0.139481,9,0.100789,0.0412087,17,0.0109018,0.00790445,6
510.526,0.0661106,0.00834207,7,0.353666,0.132089,9,0.0784949,0.0353624,17,0.0125018,0.0073908,6
513.4,0.0405308,0.00300789,7,0.340646,0.135609,9,0.0584898,0.0309215,17,0.0133342,0.00716086,6
516.273,0.0242514,0.0041208,7,0.330107,0.139932,9,0.0434117,0.0298896,17,0.0168191,0.009328,6
519.145,0.0147679,0.00377506,7,0.328541,0.144828,9,0.0337188,0.0297538,17,0.0215742,0.0122396,6
522.016,0.00811709,0.00543623,7,0.333182,0.150104,9,0.0292358,0.0327304,17,0.0227733,0.0142011,6
524.885,0.00492669,0.00538232,7,0.339944,0.155453,9,0.026726,0.0326147,17,0.0251252,0.0151036,6
527.752,0.00417901,0.00575843,7,0.346471,0.157626,9,0.026569,0.0346679,17,0.0264184,0.0146108,6
530.618,0.00486678,0.0068436,7,0.348917,0.159007,9,0.027133,0.0374527,17,0.027809,0.0157966,6
533.483,0.0060399,0.00782797,7,0.351935,0.161067,9,0.0287982,0.0400555,17,0.027048,0.0160415,6
536.347,0.00704156,0.00772868,7,0.354254,0.161832,9,0.0291536,0.0404868,17,0.0269059,0.0151166,6
539.208,0.00864703,0.00689032,7,0.354608,0.161247,9,0.0292966,0.0394926,17,0.0248767,0.01595,6
542.069,0.0106176,0.00736719,7,0.350306,0.156284,9,0.0287665,0.0388007,17,0.0258621,0.01442,6
544.928,0.0135381,0.00914982,7,0.34284,0.151779,9,0.0286631,0.0368239,17,0.0258483,0.0145559,6
547.786,0.0166384,0.0103868,7,0.334309,0.146079,9,0.0289554,0.0348028,17,0.0255159,0.0132053,6
550.642,0.019552,0.0115978,7,0.320054,0.137432,9,0.0287951,0.0346169,17,0.0266896,0.0116084,6
553.497,0.0215321,0.0111264,7,0.308258,0.133033,9,0.0288932,0.0327417,17,0.0275318,0.0110476,6
556.351,0.0244075,0.0123219,7,0.29533,0.125706,9,0.0292845,0.0326774,17,0.0297913,0.0133223,6
559.203,0.0265373,0.0126808,7,0.285257,0.119001,9,0.0292319,0.0301359,17,0.0309213,0.0147499,6
562.053,0.0280718,0.0142361,7,0.279633,0.117771,9,0.0302604,0.029912,17,0.0288387,0.013224,6
564.903,0.0274936,0.0138798,7,0.274726,0.116864,9,0.0311481,0.0277292,17,0.029014,0.012978,6
567.751,0.0270584,0.0147229,7,0.270363,0.114904,9,0.0324865,0.0277224,17,0.0266613,0.0127989,6
570.597,0.0261014,0.0149908,7,0.269052,0.115694,9,0.0335505,0.0261516,17,0.0227463,0.012648,6
573.442,0.0246549,0.0140189,7,0.271192,0.11888,9,0.0351419,0.0260912,17,0.0207067,0.0124453,6
576.286,0.0242061,0.0135076,7,0.279137,0.123074,9,0.0368188,0.0256291,17,0.0181049,0.0113929,6
579.129,0.0248984,0.0125477,7,0.287066,0.125415,9,0.0396249,0.0263512,17,0.0157545,0.0119646,6
581.97,0.0278868,0.0121521,7,0.296901,0.127603,9,0.0438826,0.0275096,17,0.0185187,0.0127187,6
584.81,0.0339649,0.0135497,7,0.307763,0.132265,9,0.049741,0.0275763,17,0.0201177,0.0139769,6
587.648,0.043696,0.015514,7,0.31913,0.133394,9,0.0586918,0.0291512,17,0.0232342,0.0146607,6
590.485,0.0587485,0.0169389,7,0.332029,0.132165,9,0.0725677,0.0295474,17,0.0267026,0.0118458,6
593.32,0.082696,0.0178584,7,0.345364,0.130017,9,0.0955899,0.0295969,17,0.0308068,0.0120403,6
596.154,0.120726,0.0233884,7,0.367922,0.129003,9,0.12778,0.0296279,17,0.0364228,0.0131891,6
598.987,0.168303,0.0310288,7,0.395191,0.129273,9,0.167274,0.0315523,17,0.0399004,0.0142742,6
601.819,0.219779,0.0388778,7,0.422047,0.124745,9,0.210219,0.0379526,17,0.0418583,0.0131888,6
604.649,0.267855,0.0476801,7,0.443339,0.115983,9,0.250812,0.0466978,17,0.0425407,0.0114662,6
607.477,0.308407,0.0577476,7,0.457421,0.108572,9,0.282884,0.0565843,17,0.0411603,0.00940758,6
610.304,0.332513,0.0639782,7,0.464467,0.101656,9,0.302406,0.0643107,17,0.0389573,0.00892447,6
613.13,0.341187,0.0678116,7,0.460179,0.100808,9,0.307413,0.0700186,17,0.0366053,0.00774181,6
615.954,0.333781,0.0689922,7,0.446943,0.096481,9,0.297774,0.0735263,17,0.0321323,0.00658453,6
618.777,0.309695,0.0673764,7,0.423073,0.0918756,9,0.275729,0.0744429,17,0.0307906,0.00752859,6
621.599,0.271732,0.0623232,7,0.390267,0.0911475,9,0.241187,0.0701502,17,0.0317995,0.00862138,6
624.42,0.22372,0.0551267,7,0.351174,0.0896815,9,0.198508,0.0619622,17,0.0303063,0.00949996,6
627.238,0.172918,0.0463117,7,0.312042,0.0871358,9,0.154136,0.0509304,17,0.030064,0.0116611,6
630.056,0.125039,0.0362893,7,0.278917,0.0854623,9,0.114374,0.0402098,17,0.029231,0.0129014,6
632.872,0.0874268,0.0268593,7,0.25137,0.0857366,9,0.0821961,0.0288501,17,0.0285557,0.00967879,6
635.687,0.0614693,0.0185918,7,0.233849,0.0874892,9,0.0603073,0.0218429,17,0.0283022,0.0084911,6
638.5,0.0460736,0.0127039,7,0.225716,0.0876741,9,0.0483622,0.0202515,17,0.0261556,0.00882735,6
641.313,0.0377533,0.00985351,7,0.220552,0.0832305,9,0.0432236,0.0212885,17,0.0239566,0.00973214,6
644.123,0.0341702,0.00986709,7,0.219348,0.0823831,9,0.0419121,0.0232965,17,0.0238212,0.00955118,6
646.932,0.0330977,0.0102638,7,0.2189,0.0820113,9,0.0412015,0.0240137,17,0.023162,0.0064278,6
649.74,0.0347123,0.0107197,7,0.223769,0.0847217,9,0.0427687,0.026207,17,0.0230934,0.00407266,6
652.547,0.0388931,0.0123355,7,0.229918,0.0900329,9,0.0456508,0.0258925,17,0.0235322,0.00374198,6
655.352,0.0489058,0.0180011,7,0.234172,0.0882906,9,0.0508612,0.0280198,17,0.0250867,0.00371498,6
658.156,0.0580222,0.0224823,7,0.240219,0.0909427,9,0.0574488,0.0315582,17,0.0277815,0.00366618,6
660.958,0.0661302,0.0266901,7,0.24191,0.0923524,9,0.0613347,0.0334407,17,0.0286012,0.00436639,6
663.76,0.07152,0.0306202,7,0.240769,0.0897854,9,0.0637713,0.0353077,17,0.0276137,0.00562996,6
666.559,0.0742758,0.0331863,7,0.238292,0.0886255,9,0.0635989,0.0352965,17,0.031011,0.00717525,6
669.358,0.0743344,0.0339434,7,0.231629,0.0867839,9,0.0617814,0.0351288,17,0.0318422,0.00758434,6
672.155,0.0698946,0.0315863,7,0.220934,0.084065,9,0.0567181,0.0321492,17,0.0307567,0.00809393,6
674.95,0.0610879,0.0271609,7,0.210414,0.084962,9,0.0510609,0.0304102,17,0.0311274,0.00913377,6
677.744,0.0509349,0.023112,7,0.194327,0.0802059,9,0.0444731,0.0281055,17,0.0313831,0.00995763,6
680.538,0.0392595,0.0181953,7,0.174408,0.0730442,9,0.0362977,0.0246938,17,0.0301388,0.0118848,6
683.329,0.0275224,0.0133209,7,0.15527,0.06507,9,0.0275895,0.0208063,17,0.029488,0.0105348,6
686.119,0.0167381,0.00892919,7,0.135183,0.0580728,9,0.0200006,0.0180894,17,0.0271262,0.0102227,6
688.908,0.0107006,0.00606156,7,0.123225,0.0549263,9,0.0151076,0.0173529,17,0.0286998,0.0104206,6
691.695,0.00731356,0.00483434,7,0.110543,0.0492358,9,0.0121968,0.0165544,17,0.0369192,0.0108771,6
694.482,0.00828923,0.00629376,7,0.103748,0.0458366,9,0.0110631,0.0153263,17,0.0551289,0.00994124,6
697.267,0.00820002,0.00760562,7,0.102398,0.0453004,9,0.0109422,0.0165952,17,0.0865242,0.0107946,6
700.05,0.00874394,0.00826982,7,0.101761,0.0438839,9,0.00974,0.0156087,17,0.122194,0.00798144,6
702.833,0.0080647,0.00901506,7,0.107218,0.0481191,9,0.00908899,0.0153417,17,0.154478,0.00782708,6
705.613,0.00771651,0.00973438,7,0.112531,0.0528276,9,0.00835941,0.0156289,17,0.179018,0.0051822,6
708.393,0.00836372,0.00913706,7,0.117208,0.0610468,9,0.00821715,0.0159861,17,0.195879,0.00733191,6
711.17,0.00711012,0.0071632,7,0.122392,0.0645148,9,0.00765358,0.0140006,17,0.201345,0.00956657,6
713.947,0.00721157,0.00656456,7,0.13001,0.0703648,9,0.00789217,0.0146927,17,0.197545,0.0110384,6
716.722,0.00771768,0.00724364,7,0.129867,0.0715454,9,0.00779048,0.0140808,17,0.18238,0.014334,6
719.496,0.00843449,0.00759614,7,0.129015,0.0709424,9,0.00768284,0.0137899,17,0.155451,0.0158962,6
722.269,0.00805214,0.00754061,7,0.12946,0.0701511,9,0.00844038,0.0153974,17,0.121571,0.0149461,6
725.041,0.00754779,0.00667199,7,0.129937,0.0689738,9,0.00875119,0.0157437,17,0.0858128,0.0143642,6
727.81,0.00711908,0.00679406,7,0.130748,0.0663315,9,0.00891025,0.016398,17,0.0559322,0.0150783,6
730.579,0.00643013,0.00626864,7,0.12799,0.0634919,9,0.00916214,0.0169109,17,0.035516,0.0149827,6
733.346,0.00599772,0.00642416,7,0.127381,0.0611841,9,0.00969183,0.0178309,17,0.0279617,0.0164092,6
736.113,0.00580363,0.00624216,7,0.127422,0.0597766,9,0.00963,0.0184241,17,0.0299495,0.0143726,6
738.877,0.00544513,0.00535964,7,0.12379,0.0547823,9,0.00912114,0.0175671,17,0.033014,0.0107291,6
741.64,0.0046805,0.00404008,7,0.121581,0.0542438,9,0.00837269,0.0163751,17,0.0327235,0.00999233,6
744.402,0.00480245,0.00391957,7,0.114334,0.0511839,9,0.00796045,0.0160575,17,0.0318213,0.00848988,6
747.162,0.00450637,0.00317163,7,0.106953,0.0515084,9,0.00762031,0.0149637,17,0.0324481,0.0104312,6
749.922,0.00371874,0.0021147,7,0.100711,0.0518114,9,0.00692391,0.0137795,17,0.0297333,0.00944903,6
752.68,0.0043862,0.0026729,7,0.0941455,0.0496795,9,0.00646878,0.0126812,17,0.0272019,0.00901595,6
755.436,0.00436385,0.00297112,7,0.0825876,0.0460548,9,0.00575324,0.01107,17,0.0250828,0.00880843,6
758.191,0.00544307,0.00408444,7,0.0752015,0.0459433,9,0.00610034,0.0117495,17,0.0249434,0.009117,6
760.946,0.00609481,0.00492659,7,0.0699101,0.0447166,9,0.00613964,0.0120683,17,0.0246845,0.00883665,6
763.698,0.00586115,0.00514292,7,0.066809,0.0452213,9,0.00602829,0.0109229,17,0.0248174,0.00722878,6
766.449,0.00626449,0.00537235,7,0.0635296,0.0443331,9,0.00560574,0.0096908,17,0.0249857,0.00891575,6
769.199,0.00668253,0.00549391,7,0.0584547,0.0419387,9,0.00572013,0.00848434,17,0.0254455,0.00892248,6
771.947,0.00708716,0.00581765,7,0.054227,0.0383022,9,0.0059646,0.00916096,17,0.0261623,0.00831999,6
774.695,0.00757222,0.00601479,7,0.0548153,0.0355542,9,0.00563066,0.00737871,17,0.0260191,0.00537694,6
777.441,0.0080169,0.00574306,7,0.0523278,0.0310551,9,0.00598819,0.00770015,17,0.0288051,0.00542399,6
780.185,0.00788011,0.00589549,7,0.05205,0.0307619,9,0.00537497,0.00571447,17,0.0299967,0.00659085,6
782.929,0.00824441,0.00475636,7,0.0558313,0.0334121,9,0.00605746,0.00680319,17,0.0289536,0.00636638,6
785.67,0.00846821,0.00397106,7,0.0615343,0.0383365,9,0.00710271,0.00884132,17,0.02784,0.00827861,6
788.411,0.00891794,0.0040496,7,0.0669188,0.043753,9,0.00767368,0.00967718,17,0.0269364,0.0101929,6
791.15,0.00908655,0.00400377,7,0.0679567,0.0425453,9,0.00819205,0.00988494,17,0.0261397,0.00883479,6
793.888,0.00884029,0.00356371,7,0.0672104,0.0426759,9,0.00867114,0.0113574,17,0.0270834,0.00840043,6
796.625,0.00889544,0.00432353,7,0.0699599,0.0439556,9,0.00927676,0.0124623,17,0.0286671,0.0101687,6
799.36,0.00886959,0.00455045,7,0.0662411,0.040442,9,0.00971032,0.0121292,17,0.0281533,0.00972718,6
802.094,0.00833033,0.00475847,7,0.0627579,0.0398755,9,0.0102446,0.0122131,17,0.0260311,0.00826078,6
804.826,0.00866946,0.00406346,7,0.0596835,0.0348052,9,0.0098805,0.0104778,17,0.0262356,0.00494618,6
807.558,0.00877565,0.00319911,7,0.0538633,0.0293057,9,0.00984819,0.0100002,17,0.0260174,0.00412196,6
810.287,0.00854116,0.00233878,7,0.0494418,0.0251927,9,0.00993676,0.00947534,17,0.0261832,0.00478877,6
813.016,0.00944504,0.00327247,7,0.047109,0.0251116,9,0.00973983,0.00794247,17,0.0253994,0.0033062,6
815.744,0.0100416,0.00335712,7,0.0415424,0.0206555,9,0.00998966,0.00886918,17,0.0259238,0.00377086,6
818.47,0.00953382,0.00283275,7,0.0376195,0.0209379,9,0.00911187,0.007357,17,0.0244317,0.00406745,6
821.194,0.00953357,0.00239242,7,0.0363723,0.0219261,9,0.00874137,0.00787339,17,0.0221368,0.0045884,6
823.918,0.0103849,0.00260958,7,0.0348069,0.022782,9,0.00873136,0.00800156,17,0.0214422,0.00647971,6
826.64,0.00984001,0.00273198,7,0.030319,0.0217516,9,0.00826814,0.00711891,17,0.0212696,0.00680956,6
829.361,0.00936787,0.00239308,7,0.0249019,0.0199166,9,0.00753985,0.00706803,17,0.0214429,0.00673711,6
832.08,0.00915355,0.0038412,7,0.0229738,0.019021,9,0.00729207,0.0080532,17,0.0232704,0.00870331,6
834.798,0.00819239,0.00467405,7,0.0232858,0.0177161,9,0.00691008,0.00651312,17,0.0229026,0.00892444,6
837.515,0.0077457,0.00435377,7,0.0229144,0.0174002,9,0.00754159,0.00752116,17,0.0228615,0.00900914,6
840.231,0.00724678,0.00403128,7,0.0232114,0.0177639,9,0.00760013,0.00763297,17,0.0234981,0.00832324,6
842.944,0.0075515,0.00398322,7,0.0259601,0.0172445,9,0.00764167,0.00706068,17,0.0246269,0.0088154,6
845.658,0.008676,0.00486551,7,0.0275258,0.0177121,9,0.00782299,0.00714409,17,0.0248782,0.00862528,6
848.37,0.0100603,0.00546284,7,0.0277492,0.0181765,9,0.00815124,0.00701732,17,0.0261123,0.00908997,6
851.079,0.0111812,0.00659409,7,0.0277524,0.0196877,9,0.00776984,0.00640355,17,0.0258543,0.00932225,6
853.788,0.0111956,0.00639692,7,0.0279531,0.0198797,9,0.0080054,0.00668829,17,0.0249389,0.00929631,6
856.496,0.0107073,0.0064125,7,0.0288716,0.0206692,9,0.00755217,0.0057178,17,0.0241409,0.00964394,6
859.202,0.0121324,0.00763128,7,0.0303661,0.0218019,9,0.00686095,0.00484302,17,0.024711,0.0102251,6
861.907,0.0129237,0.00854851,7,0.0320936,0.0232451,9,0.00702335,0.00539731,17,0.0260312,0.00949127,6
864.611,0.0122873,0.00821392,7,0.0315857,0.0202112,9,0.00694475,0.00509994,17,0.0271069,0.00823419,6
867.314,0.0116738,0.00739817,7,0.0309476,0.0182758,9,0.00703028,0.00646503,17,0.0273957,0.00803692,6
870.015,0.0112208,0.00855516,7,0.0324847,0.0190803,9,0.00683408,0.00671345,17,0.0286403,0.00899425,6
872.715,0.0100095,0.00789016,7,0.0334528,0.0194049,9,0.00716654,0.00702401,17,0.0276671,0.00840587,6
875.413,0.00890723,0.00640248,7,0.0340475,0.0191316,9,0.00804273,0.00829784,17,0.0281891,0.00952717,6
878.11,0.00916292,0.00631379,7,0.0313279,0.0182097,9,0.00796301,0.00777672,17,0.0272858,0.0100286,6
880.807,0.00943974,0.00708796,7,0.0296152,0.0192194,9,0.00811439,0.00774151,17,0.0255251,0.008861,6
883.501,0.00921631,0.00653485,7,0.0291333,0.0216184,9,0.00825029,0.0077115,17,0.0244108,0.00749393,6
886.194,0.00944315,0.00750395,7,0.0269203,0.0199214,9,0.00811708,0.00735865,17,0.0226885,0.00641209,6
888.886,0.00861918,0.00730115,7,0.0257918,0.0187452,9,0.00776561,0.00682781,17,0.0217088,0.00554764,6
891.577,0.00888446,0.00788297,7,0.0261571,0.0180114,9,0.00759333,0.00651653,17,0.0200606,0.00675684,6
894.266,0.00911872,0.00839038,7,0.0251917,0.0161414,9,0.00702975,0.00572803,17,0.0189929,0.00839572,6
896.955,0.00985739,0.00747565,7,0.0254507,0.0153943,9,0.00691614,0.0065061,17,0.0198494,0.0079324,6
899.641,0.00875418,0.00564702,7,0.0238105,0.0123718,9,0.00694711,0.00691128,17,0.0188784,0.00776711,6
902.327,0.00829696,0.00433957,7,0.0229137,0.0117072,9,0.00710385,0.00612424,17,0.0182953,0.007663,6
905.011,0.00828644,0.00434674,7,0.0228027,0.0117832,9,0.00702798,0.00669724,17,0.0189002,0.0060819,6
907.694,0.00911729,0.00593912,7,0.0235149,0.0124455,9,0.00710235,0.00767742,17,0.0202353,0.00711071,6
910.376,0.00957202,0.0048396,7,0.0248328,0.0125749,9,0.00784549,0.00915855,17,0.0215595,0.00769382,6
913.056,0.00982561,0.00517761,7,0.0245008,0.0123473,9,0.00798918,0.00953828,17,0.023233,0.00795208,6
915.736,0.0103956,0.00581217,7,0.0226573,0.012895,9,0.00756356,0.00947225,17,0.0221206,0.00691547,6
918.413,0.0106144,0.00711501,7,0.0228811,0.0152678,9,0.00751443,0.00924801,17,0.0230363,0.00654931,6
921.089,0.011239,0.00686113,7,0.0246603,0.0153745,9,0.00762707,0.00913023,17,0.0224336,0.00616957,6
923.765,0.011977,0.00850281,7,0.0261266,0.0154816,9,0.00787581,0.00905143,17,0.0213099,0.00578113,6
926.438,0.0115403,0.00808092,7,0.0266642,0.0156984,9,0.00745147,0.00842745,17,0.0227503,0.00734469,6
929.111,0.0117688,0.00826184,7,0.0245604,0.0134506,9,0.00692745,0.00724939,17,0.0216196,0.00675401,6
931.783,0.0107149,0.00704291,7,0.0215812,0.0111477,9,0.00665541,0.00669037,17,0.0213021,0.00723389,6
934.453,0.0105376,0.00621806,7,0.0193162,0.00949108,9,0.00639911,0.00624409,17,0.0207393,0.00832899,6
937.122,0.0103175,0.00468812,7,0.0193243,0.00948154,9,0.00653166,0.00584632,17,0.020922,0.00876899,6
939.789,0.0105477,0.00491543,7,0.0196434,0.0117888,9,0.00702364,0.00615006,17,0.0197273,0.00849878,6
942.456,0.0104149,0.00503799,7,0.0200078,0.0131961,9,0.00750994,0.00832835,17,0.0194819,0.00855473,6
945.12,0.00973068,0.00492457,7,0.0192452,0.013286,9,0.0079659,0.00916542,17,0.0198126,0.00890912,6
947.784,0.00881172,0.00441195,7,0.0186021,0.0131704,9,0.00820667,0.00997161,17,0.0195499,0.00938941,6
950.447,0.0080855,0.00471757,7,0.0161038,0.011625,9,0.00790679,0.00920469,17,0.0191306,0.00912501,6
953.108,0.00742092,0.00476666,7,0.0134437,0.0106777,9,0.00786114,0.00944159,17,0.0185738,0.00935657,6
955.767,0.00668022,0.00460441,7,0.0122521,0.00987772,9,0.00771593,0.00881607,17,0.0181449,0.00933564,6
958.426,0.00545039,0.00395298,7,0.0101641,0.00864321,9,0.00775813,0.00820453,17,0.0162308,0.00926816,6
961.083,0.00448803,0.00310041,7,0.00849002,0.0073178,9,0.007337,0.00683859,17,0.0148516,0.0084671,6
963.739,0.00495642,0.0033699,7,0.00611422,0.00650397,9,0.00633619,0.00478148,17,0.0153996,0.00963326,6
966.394,0.00505148,0.00353657,7,0.00288554,0.00589564,9,0.00561719,0.00428725,17,0.0149784,0.00946922,6
969.047,0.00486607,0.00275422,7,0.00175052,0.00484022,9,0.00556062,0.00441441,17,0.0162213,0.00797792,6
971.699,0.00664252,0.00340193,7,0.00150803,0.00408629,9,0.00581521,0.00446581,17,0.0172503,0.00717158,6
974.351,0.00915298,0.00466931,7,0.0012978,0.00259999,9,0.00685887,0.00535342,17,0.0200985,0.00864202,6
977,0.0112362,0.00523295,7,0.00399997,0.00517335,9,0.00798564,0.00638274,17,0.0208017,0.00893249,6
979.648,0.0103198,0.00508658,7,0.00485438,0.00748079,9,0.00818429,0.00754243,17,0.023436,0.0097014,6
982.296,0.00291297,0.00246081,7,0.00335154,0.0040305,9,0.00506518,0.00845579,17,0.0258645,0.0104145,6
984.942,0,0,7,0,0,9,0.00472551,0.0103234,17,0.0282107,0.0112305,6
987.586,0.000343838,0.000909709,7,0.000356602,0.000719037,9,0.00545486,0.0120737,17,0.0319557,0.0122195,6
990.229,0.0317477,0.0152424,7,0.0190651,0.0181646,9,0.0218832,0.0197791,17,0.0344187,0.0132028,6
992.871,0.132207,0.0786311,7,0.0815735,0.0553809,9,0.0730044,0.0613503,17,0.0356521,0.0128744,6
995.512,0.274368,0.170693,7,0.176602,0.108476,9,0.142633,0.126586,17,0.0352907,0.0116859,6
998.151,0.410861,0.259667,7,0.266155,0.158406,9,0.20793,0.188861,17,0.0340923,0.00917609,6
1000.79,0.519006,0.331131,7,0.338172,0.197907,9,0.259803,0.237766,17,0.0324445,0.0082848,6
1003.43,0.590148,0.378797,7,0.388024,0.224409,9,0.29422,0.270261,17,0.03163,0.00854805,6
1006.06,0.623726,0.401497,7,0.413857,0.237478,9,0.310953,0.285528,17,0.0293088,0.00890109,6
1008.7,0.619596,0.399479,7,0.412116,0.234303,9,0.309366,0.282577,17,0.0272824,0.00994691,6
1011.33,0.577437,0.373799,7,0.388852,0.220358,9,0.289731,0.261806,17,0.0236816,0.00921118,6
1013.96,0.49775,0.323319,7,0.341394,0.193419,9,0.252556,0.224742,17,0.0201496,0.00878364,6
1016.59,0.383923,0.251166,7,0.267802,0.151117,9,0.199487,0.171993,17,0.0169724,0.00927221,6
1019.22,0.246157,0.161232,7,0.17986,0.0993793,9,0.134436,0.108451,17,0.014147,0.00951363,6
1021.85,0.108902,0.0721408,7,0.0882701,0.0467855,9,0.0703339,0.0509878,17,0.0122369,0.00905953,6
1024.48,0.00864997,0.00941617,7,0.0193061,0.01223,9,0.0232325,0.0354253,17,0.0098846,0.00830636,6
1027.1,0,0,7,0.000769472,0.00230842,9,0.0169123,0.0386237,17,0.00799452,0.00682795,6
1029.73,0,0,7,0.000822307,0.00246692,9,0.0179264,0.0398855,17,0.00943338,0.00708053,6
1032.35,0.00157725,0.00237522,7,0.00522743,0.00425181,9,0.0220609,0.0397656,17,0.0116237,0.00613855,6
1034.97,0.00691068,0.00368147,7,0.00801621,0.00544862,9,0.0271581,0.0383902,17,0.0165201,0.00715014,6
1037.59,0.0110307,0.00473572,7,0.0088646,0.00647772,9,0.0297557,0.0386407,17,0.0246416,0.00781609,6
1040.21,0.0138089,0.00527185,7,0.0102036,0.00827204,9,0.0310364,0.0381086,17,0.0340404,0.00961222,6
1042.83,0.0156838,0.00520971,7,0.0105309,0.00792714,9,0.032475,0.0379826,17,0.04344,0.0115735,6
1045.45,0.0176469,0.00604781,7,0.00963394,0.0073986,9,0.0334564,0.037412,17,0.0522004,0.0128461,6
1048.06,0.0189861,0.00646305,7,0.0093723,0.00955668,9,0.0338616,0.0364289,17,0.0581262,0.0137117,6
1050.68,0.0202105,0.00638272,7,0.010068,0.00918761,9,0.0339971,0.0351178,17,0.0610549,0.0135461,6
1053.29,0.0203221,0.00642142,7,0.0101094,0.00715276,9,0.0340198,0.0328618,17,0.0607234,0.014267,6
1055.9,0.0204652,0.00643105,7,0.010232,0.0065431,9,0.0328874,0.030671,17,0.0547082,0.0146826,6
1058.51,0.0195408,0.0067663,7,0.00967617,0.00513818,9,0.0319463,0.0285637,17,0.0425999,0.0137051,6
1061.12,0.0180226,0.00646941,7,0.0107845,0.00505876,9,0.0304016,0.0265486,17,0.0185778,0.014108,6
1063.73,0.0165507,0.0052309,7,0.0122263,0.00727722,9,0.0288269,0.0246288,17,0.0089403,0.00880587,6
1066.34,0.0168745,0.00535664,7,0.0138265,0.00802607,9,0.0278542,0.0228586,17,0.033192,0.0192881,6
1068.94,0.0200334,0.00847554,7,0.0149868,0.0091291,9,0.0273008,0.0215713,17,0.127576,0.0232683,6
1071.55,0.0256563,0.0137275,7,0.0188875,0.0124301,9,0.0274016,0.019863,17,0.289974,0.024856,6
1074.15,0.0318443,0.0183315,7,0.0205324,0.0132366,9,0.0280027,0.0190458,17,0.500831,0.0209548,6
1076.75,0.0384123,0.0232165,7,0.0224155,0.0146652,9,0.0286582,0.0177316,17,0.694881,0.0186704,6
1079.35,0.0434513,0.0270202,7,0.0240108,0.0152946,9,0.0291776,0.01713,17,0.842953,0.0191839,6
1081.95,0.0473929,0.0293305,7,0.0242749,0.0152111,9,0.0287959,0.0164184,17,0.933418,0.0184338,6
1084.55,0.0493227,0.0300282,7,0.0236735,0.0148996,9,0.0292203,0.0152003,17,0.962645,0.0175284,6
1087.15,0.0501349,0.0301159,7,0.0235527,0.0140128,9,0.0291231,0.0145685,17,0.930661,0.017208,6
1089.74,0.0478699,0.0285077,7,0.0217032,0.0124334,9,0.0289408,0.0137956,17,0.842089,0.0175844,6
1092.34,0.0438674,0.0249092,7,0.0197234,0.0094239,9,0.0291912,0.0134321,17,0.698449,0.0189667,6
1094.93,0.0384737,0.0210467,7,0.017936,0.00733386,9,0.0295346,0.0131471,17,0.513267,0.0174299,6
1097.52,0.0330787,0.0160649,7,0.0162276,0.00551595,9,0.0288817,0.0127934,17,0.305839,0.0182578,6
1100.11,0.0294243,0.0123379,7,0.0157537,0.00451725,9,0.0290895,0.0125611,17,0.123157,0.0179007,6
1102.7,0.028874,0.0107018,7,0.0167877,0.00701834,9,0.0296448,0.011678,17,0.00801748,0.0109358,6
1105.29,0.0306433,0.011714,7,0.0165665,0.00800424,9,0.0299499,0.0120553,17,0,0,6
1107.88,0.0346716,0.0148147,7,0.017765,0.00899027,9,0.0307417,0.0131544,17,0,0,6
1110.46,0.0384207,0.0167681,7,0.0171131,0.0106284,9,0.0311974,0.0133928,17,0.00161195,0.00322407,6
1113.05,0.0414705,0.0186447,7,0.0169718,0.0112447,9,0.0318072,0.0133428,17,0.00954348,0.0100268,6
1115.63,0.0450638,0.0204104,7,0.0187643,0.0103981,9,0.0330992,0.013793,17,0.0139085,0.0103721,6
1118.21,0.051323,0.0226741,7,0.0191958,0.00966366,9,0.0365523,0.0163705,17,0.0152515,0.0105328,6
1120.79,0.0620798,0.0279163,7,0.0239633,0.012916,9,0.0431759,0.0228493,17,0.0144215,0.0099235,6
1123.37,0.0744859,0.0344083,7,0.0296314,0.0192133,9,0.0499154,0.0293476,17,0.0151329,0.00857349,6
1125.95,0.0856718,0.040046,7,0.037658,0.023673,9,0.0567425,0.0354472,17,0.0174051,0.00808604,6
1128.53,0.095017,0.0450307,7,0.0477106,0.0267225,9,0.063394,0.041365,17,0.0177437,0.00821189,6
1131.1,0.101506,0.0486855,7,0.0559275,0.0321724,9,0.0686926,0.0453615,17,0.0200601,0.00758391,6
1133.68,0.104507,0.0499082,7,0.0622559,0.0352171,9,0.0716579,0.0472376,17,0.0229856,0.00820184,6
1136.25,0.103576,0.0496975,7,0.0661012,0.0346234,9,0.0731608,0.04754,17,0.0249539,0.00963797,6
1138.82,0.0989693,0.0478927,7,0.0683127,0.0356833,9,0.0722783,0.0451556,17,0.0255331,0.00893817,6
1141.39,0.0915116,0.0444273,7,0.0669517,0.0320195,9,0.0688991,0.0409287,17,0.0263751,0.0108861,6
1143.96,0.0805386,0.038889,7,0.0649429,0.0287169,9,0.0644831,0.0364207,17,0.0299403,0.0120275,6
1146.53,0.0670113,0.0314093,7,0.0610874,0.0252637,9,0.0580558,0.0313003,17,0.0305546,0.0134864,6
1149.1,0.0522084,0.0231658,7,0.056054,0.0207062,9,0.0511808,0.0270489,17,0.0317531,0.0138943,6
1151.67,0.0406873,0.0168949,7,0.0530947,0.0180192,9,0.0455052,0.0242363,17,0.032873,0.0136277,6
1154.23,0.03387,0.012792,7,0.0503345,0.018472,9,0.0418128,0.0221112,17,0.0347753,0.0147097,6
1156.8,0.0311889,0.0122494,7,0.051435,0.0194591,9,0.039248,0.0197806,17,0.0359223,0.0141992,6
1159.36,0.0300022,0.0118962,7,0.0516417,0.0214965,9,0.0365422,0.017192,17,0.0373334,0.0146054,6
1161.92,0.0300749,0.0112279,7,0.0546447,0.0212336,9,0.0331065,0.0136967,17,0.0389255,0.0144851,6
1164.48,0.0304289,0.0110778,7,0.0567072,0.021734,9,0.031247,0.0128215,17,0.0392582,0.015475,6
1167.04,0.0308773,0.0104937,7,0.0591128,0.022533,9,0.0301173,0.012997,17,0.0420452,0.0160259,6
1169.6,0.030942,0.00983782,7,0.0594068,0.0235709,9,0.0286429,0.012589,17,0.044242,0.0180479,6
1172.15,0.0312189,0.0103209,7,0.058088,0.0225113,9,0.0275975,0.0128102,17,0.0444808,0.019421,6
1174.71,0.0319552,0.0107881,7,0.0579786,0.0243054,9,0.0277857,0.0132127,17,0.0448758,0.0191501,6
1177.26,0.0325532,0.0106536,7,0.0569036,0.0247867,9,0.027455,0.0132117,17,0.0455554,0.0197168,6
1179.81,0.0321599,0.0107438,7,0.0543465,0.0254108,9,0.0276858,0.0130063,17,0.0456041,0.0184967,6
1182.36,0.0321837,0.0104821,7,0.0527196,0.0255153,9,0.0278781,0.0129045,17,0.0459602,0.0182369,6
1184.92,0.0317345,0.00997898,7,0.0530907,0.0288421,9,0.0280597,0.0124748,17,0.0478376,0.0185343,6
1187.46,0.0318974,0.0102724,7,0.052363,0.0286773,9,0.0284914,0.0129981,17,0.0493011,0.0200282,6
1190.01,0.0313833,0.0103529,7,0.0517284,0.0287183,9,0.029132,0.0133412,17,0.050431,0.0206601,6
1192.56,0.0309046,0.0106178,7,0.0507825,0.028702,9,0.0300195,0.0132974,17,0.0504977,0.0206028,6
1195.1,0.0313409,0.00988679,7,0.0475716,0.0287095,9,0.030144,0.0129502,17,0.0508044,0.0203763,6
1197.65,0.0319242,0.00915745,7,0.0473351,0.0292068,9,0.0303561,0.0122576,17,0.0515583,0.0208573,6
1200.19,0.0324506,0.00897948,7,0.0465911,0.0301832,9,0.0321528,0.0132579,17,0.0524656,0.0204372,6
1202.73,0.0333668,0.00933252,7,0.0489123,0.0293648,9,0.0334283,0.013885,17,0.0538719,0.0194168,6
1205.27,0.0344315,0.0105933,7,0.0498011,0.0296925,9,0.0347405,0.0144354,17,0.0547656,0.0188422,6
1207.81,0.0351192,0.0112316,7,0.0529479,0.0288759,9,0.0355975,0.0143787,17,0.0565589,0.0181013,6
1210.35,0.0363272,0.0116249,7,0.056341,0.02903,9,0.0367064,0.0146798,17,0.057144,0.0179636,6
1212.89,0.037562,0.012304,7,0.0595303,0.0269226,9,0.0369712,0.0148161,17,0.0578406,0.0185947,6
1215.43,0.0389025,0.0134272,7,0.0614754,0.0249103,9,0.037941,0.0141559,17,0.0577895,0.0188797,6
1217.96,0.0408919,0.0156071,7,0.0679706,0.0261511,9,0.0386355,0.0129904,17,0.06124,0.0217304,6
1220.49,0.042379,0.0163494,7,0.0727669,0.0278706,9,0.039584,0.0137583,17,0.0639057,0.0235281,6
1223.02,0.0437724,0.0163416,7,0.0742117,0.0282719,9,0.0410917,0.0151926,17,0.0649061,0.0256116,6
1225.56,0.0440132,0.0160637,7,0.075975,0.0295347,9,0.0430374,0.0163826,17,0.0642202,0.0258901,6
1228.09,0.0455054,0.0169282,7,0.07697,0.0315959,9,0.0453086,0.0174576,17,0.0659856,0.0253923,6
1230.61,0.0472379,0.0170252,7,0.0774914,0.0324757,9,0.0470846,0.0189705,17,0.0668333,0.0250097,6
1233.14,0.0485759,0.017065,7,0.0811305,0.0361719,9,0.0493599,0.0202205,17,0.0666382,0.0238782,6
1235.67,0.0498196,0.0170753,7,0.0824694,0.0371205,9,0.0516154,0.0220309,17,0.0681249,0.0225125,6
1238.19,0.0515038,0.0171639,7,0.084025,0.0383753,9,0.0543069,0.0232722,17,0.0700164,0.0213192,6
1240.72,0.0527077,0.0176124,7,0.0872393,0.0418462,9,0.0565063,0.0248267,17,0.0723893,0.0199284,6
1243.24,0.0533531,0.0168593,7,0.0897619,0.0443503,9,0.0582054,0.0261954,17,0.0738307,0.0189863,6
1245.76,0.0550559,0.0164989,7,0.0902291,0.0468772,9,0.0596233,0.0273764,17,0.0751761,0.0193649,6
1248.28,0.0564325,0.0171532,7,0.0887505,0.0491729,9,0.0612698,0.0281909,17,0.0765631,0.0191864,6
1250.8,0.0581416,0.0179532,7,0.0896703,0.0501458,9,0.0633461,0.0290283,17,0.0765625,0.0198928,6
1253.32,0.0603455,0.0193017,7,0.0892727,0.0512825,9,0.064745,0.0291509,17,0.0771314,0.0209118,6
1255.83,0.0614363,0.0191991,7,0.0878257,0.0522976,9,0.0667763,0.0298033,17,0.0752456,0.0200741,6
1258.35,0.0627913,0.0192074,7,0.0860497,0.0529358,9,0.0682603,0.0296692,17,0.0733328,0.0206699,6
1260.86,0.0630566,0.0184119,7,0.0829866,0.0523295,9,0.0691799,0.0291831,17,0.0700827,0.0200406,6
1263.38,0.0640685,0.0188827,7,0.0823819,0.0511994,9,0.0699182,0.0290656,17,0.0689065,0.0202555,6
1265.89,0.0655224,0.0190821,7,0.0810078,0.050402,9,0.0702899,0.0285601,17,0.0664392,0.0197239,6
1268.4,0.0655508,0.0181044,7,0.0810645,0.0505311,9,0.0706436,0.0286872,17,0.0637818,0.0192034,6
1270.91,0.0653056,0.0175014,7,0.0810725,0.0492626,9,0.0709635,0.0280772,17,0.0626247,0.0192171,6
1273.42,0.0648141,0.0168656,7,0.0792617,0.0494186,9,0.0720605,0.0278095,17,0.0609696,0.018227,6
1275.92,0.0638313,0.0154607,7,0.0806216,0.0486845,9,0.0722555,0.0276145,17,0.0592458,0.0169876,6
1278.43,0.063141,0.0144258,7,0.0778441,0.0499046,9,0.0725007,0.0273633,17,0.0582551,0.0171869,6
1280.94,0.0626203,0.0137395,7,0.0778544,0.0503479,9,0.0730396,0.0271529,17,0.0579051,0.0174908,6
1283.44,0.0622574,0.0131075,7,0.0789965,0.0512609,9,0.0741974,0.0270543,17,0.0557116,0.0169933,6
1285.94,0.0620749,0.0131486,7,0.0803465,0.0511241,9,0.075184,0.0271174,17,0.0547759,0.0161519,6
1288.44,0.0621528,0.0130866,7,0.0802019,0.0522839,9,0.0755358,0.026644,17,0.0534967,0.0148205,6
1290.94,0.062556,0.0132237,7,0.0825715,0.0528613,9,0.0765092,0.0264659,17,0.0535855,0.0147558,6
1293.44,0.0637572,0.0131903,7,0.0850757,0.0520038,9,0.0766104,0.025901,17,0.0534124,0.0159191,6
1295.94,0.0644925,0.0125458,7,0.0856227,0.0504249,9,0.0775472,0.0253063,17,0.0527745,0.0159743,6
1298.44,0.0663826,0.0133654,7,0.0888098,0.0489569,9,0.0784675,0.02541,17,0.0506363,0.0158721,6
1300.93,0.0679654,0.0134687,7,0.0899697,0.0467199,9,0.0792609,0.0250765,17,0.0493628,0.0145697,6
1303.42,0.0682363,0.0134121,7,0.0904063,0.0434123,9,0.080599,0.0252569,17,0.0484366,0.0157293,6
1305.92,0.0686304,0.0130049,7,0.0924217,0.0417545,9,0.0814581,0.0249572,17,0.0472662,0.0164507,6
1308.41,0.069228,0.013596,7,0.0906405,0.039182,9,0.0824271,0.0248343,17,0.0464367,0.0160421,6
1310.9,0.0696652,0.0132384,7,0.0915496,0.0362997,9,0.0824142,0.0239066,17,0.0447182,0.0148257,6
1313.39,0.0700541,0.0140704,7,0.0898213,0.0340546,9,0.08215,0.0235333,17,0.0424685,0.0136739,6
1315.88,0.0709951,0.0156418,7,0.0895535,0.0334376,9,0.0818924,0.0235493,17,0.0394806,0.0136001,6
1318.36,0.0704882,0.015262,7,0.0893945,0.0333118,9,0.0811374,0.0224591,17,0.0371429,0.0127133,6
1320.85,0.0687332,0.014919,7,0.0866571,0.0322976,9,0.0796114,0.0212278,17,0.0366881,0.0109149,6
1323.33,0.0671074,0.0134202,7,0.0846823,0.0323065,9,0.0777621,0.020087,17,0.0357507,0.0114997,6
1325.82,0.0657188,0.0121793,7,0.0818667,0.0315899,9,0.0760881,0.0192202,17,0.035062,0.0117581,6
1328.3,0.0639464,0.0110171,7,0.0793626,0.0311389,9,0.07359,0.0185192,17,0.0332375,0.0106733,6
1330.78,0.0618149,0.0107738,7,0.0758874,0.0301593,9,0.0714947,0.0177286,17,0.0322082,0.010679,6
1333.26,0.0595401,0.0106068,7,0.0723885,0.028651,9,0.0687633,0.0173347,17,0.0297536,0.00909271,6
1335.74,0.0565074,0.0102485,7,0.0700572,0.0272239,9,0.0656442,0.0166055,17,0.0303636,0.00898247,6
1338.22,0.0532994,0.00937604,7,0.0664512,0.0268384,9,0.0632104,0.0168515,17,0.0306484,0.00945162,6
1340.69,0.0507883,0.00857866,7,0.064223,0.0255995,9,0.060429,0.0170617,17,0.0301091,0.00996652,6
1343.17,0.0486882,0.00855545,7,0.0607028,0.0247591,9,0.0578531,0.0175151,17,0.0293655,0.00967816,6
1345.64,0.045861,0.00819059,7,0.058275,0.0252686,9,0.055193,0.0187405,17,0.0287406,0.0103713,6
1348.12,0.0432989,0.00855411,7,0.0552122,0.0251257,9,0.0534503,0.0203132,17,0.0274382,0.0101491,6
1350.59,0.0409231,0.00959755,7,0.0530607,0.0244742,9,0.0515416,0.0221709,17,0.02573,0.0113631,6
1353.06,0.0381377,0.00932868,7,0.0528124,0.0250941,9,0.0498352,0.0246512,17,0.0247391,0.00998917,6
1355.53,0.0351554,0.00877675,7,0.050792,0.0243574,9,0.0488927,0.0286968,17,0.0231645,0.00951243,6
1358,0.0328327,0.00792261,7,0.0484481,0.0238085,9,0.0481545,0.034238,17,0.0222288,0.00961609,6
1360.46,0.0311785,0.00760095,7,0.0471294,0.0233866,9,0.0484967,0.0409873,17,0.0204578,0.00788098,6
1362.93,0.0296174,0.00756011,7,0.0451363,0.0235009,9,0.0486953,0.0494421,17,0.0193451,0.00798817,6
1365.4,0.0280555,0.0076362,7,0.042582,0.0216293,9,0.0495859,0.0588024,17,0.0194975,0.00838486,6
1367.86,0.0260022,0.00790221,7,0.0392462,0.0199081,9,0.0509339,0.0689882,17,0.0181954,0.00823088,6
1370.32,0.024566,0.0076696,7,0.0371446,0.0199366,9,0.051642,0.0790687,17,0.0178213,0.00793753,6
1372.78,0.0226344,0.00641587,7,0.0317576,0.0178708,9,0.0531214,0.0874034,17,0.0165523,0.00682446,6
1375.24,0.0216574,0.00631869,7,0.0271436,0.016297,9,0.0536845,0.0947564,17,0.0158336,0.00717591,6
1377.7,0.0198266,0.00593085,7,0.02178,0.0155894,9,0.0537116,0.0990716,17,0.0161755,0.00655539,6
1380.16,0.0181444,0.00504192,7,0.0168751,0.0138643,9,0.0529493,0.0993731,17,0.0165368,0.00633633,6
1382.62,0.0181997,0.00559116,7,0.012654,0.0122303,9,0.0508673,0.0958748,17,0.0159457,0.00795803,6
1385.07,0.0169242,0.00536163,7,0.00941827,0.0109326,9,0.0472371,0.0891103,17,0.0154927,0.00812692,6
1387.53,0.0162874,0.00555378,7,0.00732016,0.00998754,9,0.0430419,0.0795578,17,0.0154168,0.00866298,6
1389.98,0.0158086,0.00551386,7,0.00579877,0.00854093,9,0.0389737,0.0679745,17,0.0147764,0.00791758,6
1392.43,0.0156549,0.00570556,7,0.00639019,0.00800146,9,0.0341466,0.0556692,17,0.0156342,0.0100596,6
1394.88,0.0151105,0.00558551,7,0.00821892,0.00762927,9,0.0300309,0.0437147,17,0.0158374,0.00934273,6
1397.33,0.0150516,0.00616788,7,0.00922772,0.00798831,9,0.0259499,0.0328435,17,0.017468,0.00875329,6
1399.78,0.0148139,0.00617874,7,0.00999477,0.00830296,9,0.0223781,0.0234917,17,0.0194459,0.00967629,6
1402.23,0.0137798,0.00540822,7,0.0115857,0.00889828,9,0.019291,0.0161044,17,0.0194635,0.00992687,6
1404.68,0.0130135,0.00455166,7,0.0119576,0.0109379,9,0.016174,0.0106645,17,0.02002,0.0108238,6
1407.12,0.0118019,0.00393602,7,0.012266,0.0110905,9,0.0142976,0.00673246,17,0.0221829,0.0111995,6
1409.56,0.010632,0.00310661,7,0.0130699,0.0116283,9,0.0128656,0.00497814,17,0.0225365,0.00967244,6
1412.01,0.0101884,0.00277511,7,0.0120267,0.0113236,9,0.0117063,0.00425531,17,0.0244555,0.00986423,6
1414.45,0.0100589,0.0028305,7,0.0122379,0.0109659,9,0.010886,0.00451689,17,0.0251052,0.0101146,6
1416.89,0.0105043,0.00352279,7,0.0115894,0.0114493,9,0.0100487,0.00537111,17,0.0249374,0.0102388,6
1419.33,0.00988033,0.00363365,7,0.0124612,0.0118955,9,0.00977745,0.00545011,17,0.0250023,0.00864912,6
1421.77,0.0101631,0.00359593,7,0.0132101,0.0111066,9,0.0096553,0.00577497,17,0.0263454,0.00758642,6
1424.2,0.0108662,0.00391062,7,0.0148831,0.00979658,9,0.0102151,0.00567726,17,0.0281131,0.00804074,6
1426.64,0.0111228,0.00477015,7,0.0164955,0.00980808,9,0.0103013,0.00597642,17,0.0299998,0.00758416,6
1429.08,0.0108183,0.00466244,7,0.0171416,0.00968835,9,0.0108213,0.00596267,17,0.0319913,0.0069678,6
1431.51,0.0119338,0.00564983,7,0.0166908,0.00864332,9,0.0111011,0.00650223,17,0.0328886,0.00708239,6
1433.94,0.0116726,0.00591536,7,0.0196618,0.00963216,9,0.0107947,0.0067026,17,0.0325388,0.00605376,6
1436.37,0.0116003,0.00548574,7,0.0224161,0.0110515,9,0.011243,0.00720051,17,0.0325026,0.00609871,6
1438.8,0.0113314,0.00522463,7,0.0231508,0.0111786,9,0.0112597,0.00716447,17,0.0318137,0.00664989,6
1441.23,0.0113297,0.0053236,7,0.0246127,0.0113388,9,0.0118264,0.00709882,17,0.0313057,0.00712853,6
1443.66,0.0115358,0.00593198,7,0.0251767,0.0100575,9,0.0127538,0.00768827,17,0.0281937,0.00673139,6
1446.09,0.0124447,0.00601695,7,0.0265329,0.0101611,9,0.0132799,0.00812009,17,0.0267584,0.0065665,6
1448.51,0.0125164,0.00636819,7,0.0289402,0.0121285,9,0.0137214,0.00866112,17,0.0244691,0.00619648,6
1450.94,0.0130277,0.005911,7,0.0304242,0.0132852,9,0.0139889,0.00885868,17,0.0224419,0.00642319,6
1453.36,0.0136677,0.0059208,7,0.0338684,0.0158961,9,0.0148908,0.00952155,17,0.021868,0.00737641,6
1455.78,0.0143685,0.00679288,7,0.0376764,0.017673,9,0.0150793,0.00959146,17,0.0229131,0.00998125,6
1458.2,0.0149789,0.00754162,7,0.0398202,0.0183491,9,0.015825,0.0103474,17,0.0237253,0.00992774,6
1460.62,0.0157844,0.00858801,7,0.0412904,0.0181427,9,0.0158705,0.0102337,17,0.0233031,0.00999955,6
1463.04,0.0160988,0.00823953,7,0.043329,0.0185421,9,0.0163946,0.0106185,17,0.0245633,0.00980509,6
1465.46,0.0163917,0.00778376,7,0.0459793,0.0186133,9,0.0167198,0.0112323,17,0.0243905,0.00973233,6
1467.88,0.016358,0.00685783,7,0.0516363,0.0222607,9,0.0168367,0.0112816,17,0.0249708,0.00966394,6
1470.29,0.0165197,0.00679093,7,0.0539539,0.0230293,9,0.0174883,0.0120617,17,0.025452,0.00994249,6
1472.71,0.0166491,0.00631166,7,0.0541863,0.0222877,9,0.0176935,0.0128375,17,0.0248615,0.00970969,6
1475.12,0.0165903,0.00511198,7,0.0552309,0.0228393,9,0.0183924,0.0135714,17,0.0248412,0.00916325,6
1477.53,0.0171783,0.00502461,7,0.0570797,0.0220837,9,0.0193734,0.0143289,17,0.0241609,0.00938434,6
1479.94,0.0170444,0.00477689,7,0.0582027,0.022138,9,0.0198176,0.0140015,17,0.0241769,0.00960124,6
1482.35,0.0164706,0.00453209,7,0.060035,0.0238352,9,0.0202429,0.0128422,17,0.0248625,0.0100106,6
1484.76,0.01594,0.00460675,7,0.0611118,0.0252059,9,0.0204395,0.0114404,17,0.0253327,0.00974546,6
1487.17,0.016167,0.00503107,7,0.0640355,0.0280124,9,0.0211428,0.0103947,17,0.0254978,0.00941647,6
1489.58,0.0166209,0.0050403,7,0.0673503,0.0296644,9,0.0221562,0.0104641,17,0.0254001,0.00945775,6
1491.98,0.0167435,0.00504209,7,0.0672768,0.0290237,9,0.0239244,0.0116496,17,0.0257321,0.00929243,6
1494.39,0.0174583,0.00611684,7,0.0713286,0.0306748,9,0.0250775,0.0134535,17,0.0253943,0.00911657,6
1496.79,0.0176541,0.00653476,7,0.0745135,0.0338623,9,0.0275299,0.0162134,17,0.0254503,0.00951981,6
1499.19,0.0177475,0.00672397,7,0.0763921,0.0340453,9,0.0295378,0.0188294,17,0.0252085,0.00993875,6
1501.59,0.0184584,0.00787634,7,0.0776479,0.0358876,9,0.0307631,0.0209405,17,0.0246396,0.00930845,6
1503.99,0.0186262,0.00767819,7,0.0782176,0.0359553,9,0.0320489,0.0230407,17,0.0235467,0.00887609,6
1506.39,0.0187298,0.00845119,7,0.0778428,0.0354547,9,0.0329832,0.0244223,17,0.0232455,0.00998504,6
1508.79,0.0186326,0.00920123,7,0.0798389,0.0346948,9,0.0335703,0.0255646,17,0.0229349,0.0100583,6
1511.18,0.0193533,0.0100198,7,0.082462,0.0346799,9,0.0336288,0.0257899,17,0.0217368,0.0103641,6
1513.58,0.0194797,0.00913408,7,0.0827044,0.033559,9,0.032813,0.0255534,17,0.0217242,0.0108509,6
1515.97,0.0192918,0.00888073,7,0.0868088,0.0374243,9,0.0324404,0.0256201,17,0.0226588,0.0109253,6
1518.37,0.0195433,0.00853721,7,0.0884652,0.040023,9,0.0313087,0.0252821,17,0.0221348,0.00969549,6
1520.76,0.0202228,0.00866379,7,0.0896934,0.0402544,9,0.0306658,0.025337,17,0.0227285,0.00990508,6
1523.15,0.0199462,0.00814101,7,0.0910435,0.04034,9,0.030394,0.0258025,17,0.0231951,0.00959025,6
1525.54,0.0190125,0.00757814,7,0.0916752,0.0417254,9,0.0306083,0.0270614,17,0.0240605,0.00923304,6
1527.93,0.0186027,0.00719189,7,0.0930715,0.0453999,9,0.0305793,0.0284753,17,0.0236905,0.00863805,6
1530.31,0.0186558,0.00734984,7,0.0915732,0.0449283,9,0.03143,0.030693,17,0.0227343,0.00797492,6
1532.7,0.0187703,0.00752062,7,0.0891751,0.0420912,9,0.0315362,0.0328628,17,0.0228806,0.0079586,6
1535.09,0.018445,0.00776494,7,0.0883481,0.0411366,9,0.0320183,0.0358292,17,0.0230962,0.0088691,6
1537.47,0.0178163,0.0080135,7,0.0888911,0.0417475,9,0.0333608,0.0393881,17,0.0235546,0.00861186,6
1539.85,0.0171827,0.00830154,7,0.0894996,0.0399286,9,0.0340968,0.0424565,17,0.0238183,0.00908449,6
1542.23,0.0168648,0.00882652,7,0.0920183,0.0403485,9,0.035522,0.0465804,17,0.0237056,0.00811741,6
1544.61,0.0171167,0.0088902,7,0.0927513,0.0402398,9,0.0364116,0.0510388,17,0.0230091,0.00687347,6
1546.99,0.0169198,0.00923763,7,0.0935922,0.0391455,9,0.0372534,0.0554186,17,0.0234082,0.00647238,6
1549.37,0.0165243,0.00982101,7,0.0968015,0.0421638,9,0.0385133,0.0604932,17,0.0237086,0.00715755,6
1551.75,0.0163013,0.0102602,7,0.0973684,0.0429718,9,0.0396197,0.0655678,17,0.0232749,0.00765052,6
1554.13,0.0157895,0.00949009,7,0.0958285,0.0412131,9,0.0407769,0.0702704,17,0.0229721,0.00802626,6
1556.5,0.0142474,0.00738973,7,0.0985877,0.0428961,9,0.0424412,0.0752341,17,0.0226183,0.00797908,6
1558.87,0.0135876,0.00690096,7,0.100188,0.0450665,9,0.044083,0.0800677,17,0.0218039,0.0084386,6
1561.25,0.0131898,0.00642183,7,0.100263,0.0439442,9,0.0457298,0.0849568,17,0.0202008,0.00839962,6
1563.62,0.0133882,0.00643874,7,0.101265,0.0437862,9,0.0472239,0.0895814,17,0.019577,0.0078819,6
1565.99,0.0131625,0.00556512,7,0.102666,0.0454345,9,0.0486829,0.0934771,17,0.0200903,0.00902214,6
1568.36,0.0125146,0.00517928,7,0.104811,0.0462508,9,0.0501921,0.0973379,17,0.0207565,0.00951888,6
1570.73,0.0117383,0.00470927,7,0.106738,0.0487292,9,0.0516601,0.10043,17,0.0209448,0.00942587,6
1573.1,0.011333,0.00454302,7,0.107233,0.0493827,9,0.0525142,0.103154,17,0.0212591,0.00989897,6
1575.46,0.0115216,0.00523465,7,0.108155,0.0507789,9,0.0536767,0.10547,17,0.0207025,0.0091002,6
1577.83,0.0119568,0.00613307,7,0.108321,0.0511869,9,0.0536253,0.107675,17,0.0212708,0.00821187,6
1580.19,0.0121036,0.00692246,7,0.109914,0.0528292,9,0.0536579,0.109229,17,0.0216994,0.00806927,6
1582.55,0.0125315,0.00821144,7,0.110524,0.0542403,9,0.0534013,0.110401,17,0.0215694,0.00892935,6
1584.92,0.0124917,0.00822618,7,0.112931,0.0557018,9,0.0533725,0.111227,17,0.0220675,0.0082121,6
1587.28,0.01229,0.00744311,7,0.113302,0.0542506,9,0.0536568,0.111611,17,0.0223188,0.00828665,6
1589.64,0.0120646,0.0075552,7,0.117067,0.0557386,9,0.0537747,0.111481,17,0.0225239,0.00832041,6
1591.99,0.0134748,0.00915763,7,0.119699,0.056266,9,0.0541303,0.111072,17,0.0219814,0.00850665,6
1594.35,0.0141298,0.0102993,7,0.121758,0.0556682,9,0.0550542,0.110696,17,0.0220981,0.00838739,6
1596.71,0.0143067,0.0106443,7,0.122817,0.057086,9,0.0550358,0.109888,17,0.0216998,0.00870852,6
1599.06,0.0141424,0.0101526,7,0.122718,0.0575354,9,0.0549037,0.108864,17,0.0199941,0.00886551,6
1601.42,0.0126627,0.00904922,7,0.123322,0.0578062,9,0.054569,0.107724,17,0.0196329,0.00888731,6
1603.77,0.0119625,0.00819053,7,0.12353,0.0588175,9,0.0541803,0.106197,17,0.0191464,0.00947828,6
1606.12,0.0115782,0.00814019,7,0.12403,0.0595736,9,0.053544,0.104166,17,0.0178413,0.0101444,6
1608.47,0.0118884,0.00841085,7,0.124792,0.0589285,9,0.0523934,0.101774,17,0.0176915,0.0104002,6
1610.82,0.012119,0.00846162,7,0.12573,0.0595142,9,0.0510656,0.0992232,17,0.0187086,0.0110118,6
1613.17,0.0118837,0.00777365,7,0.127524,0.0607682,9,0.0498979,0.0959612,17,0.0187055,0.0104367,6
1615.52,0.0116737,0.00749579,7,0.128795,0.0603513,9,0.0482418,0.0921221,17,0.018491,0.01067,6
1617.87,0.0117316,0.00691097,7,0.131375,0.0616269,9,0.046906,0.0881184,17,0.0196616,0.0103171,6
1620.21,0.0118034,0.00739961,7,0.131378,0.060849,9,0.0454537,0.0838383,17,0.0205475,0.0103491,6
1622.56,0.0122244,0.00815963,7,0.132419,0.0609727,9,0.0437934,0.0785781,17,0.0205193,0.0101059,6
1624.9,0.0133411,0.00906905,7,0.132362,0.0599649,9,0.0425141,0.0735606,17,0.0203366,0.0098355,6
1627.24,0.0134381,0.0094615,7,0.130352,0.0591121,9,0.0408473,0.068324,17,0.0201817,0.00929432,6
1629.58,0.0125045,0.00916214,7,0.127645,0.0573625,9,0.0391519,0.0633161,17,0.0200314,0.00916975,6
1631.92,0.0119888,0.00897896,7,0.124707,0.0572957,9,0.0375382,0.0590964,17,0.0184767,0.00852334,6
1634.26,0.0107545,0.00855495,7,0.124123,0.0579423,9,0.0362012,0.0548417,17,0.0191131,0.0083885,6
1636.6,0.0114203,0.0090441,7,0.121752,0.0564519,9,0.0348252,0.0514892,17,0.0192124,0.00851751,6
1638.93,0.0112226,0.00884789,7,0.120726,0.0543985,9,0.0337428,0.0482558,17,0.0191968,0.00821578,6
1641.27,0.0113778,0.0082413,7,0.118989,0.0524372,9,0.032635,0.045783,17,0.020361,0.00925694,6
1643.6,0.0109929,0.00844809,7,0.118812,0.0529739,9,0.031926,0.0438997,17,0.0210421,0.00934286,6
1645.94,0.0105324,0.00820435,7,0.120001,0.054678,9,0.031263,0.0421023,17,0.0213475,0.00991722,6
1648.27,0.0109768,0.00902938,7,0.120323,0.0537588,9,0.0308876,0.0411094,17,0.0222204,0.0106357,6
1650.6,0.0116846,0.00929323,7,0.119989,0.0534911,9,0.0303527,0.0397208,17,0.0220697,0.0116409,6
1652.93,0.0115801,0.00937627,7,0.120353,0.0536047,9,0.0299483,0.0387389,17,0.0220617,0.0118635,6
1655.26,0.0118205,0.00909102,7,0.12209,0.0545163,9,0.0300418,0.0380319,17,0.0217634,0.0112648,6
1657.59,0.0128296,0.0100778,7,0.121892,0.0531714,9,0.0298583,0.0376622,17,0.0214757,0.0105986,6
1659.92,0.0133013,0.0100271,7,0.123307,0.0540799,9,0.0302112,0.0372438,17,0.0215594,0.00999229,6
1662.24,0.0142818,0.0106686,7,0.124255,0.0542437,9,0.0308742,0.0374964,17,0.022918,0.0092286,6
1664.57,0.0152981,0.0111472,7,0.124857,0.0566105,9,0.0314296,0.0378415,17,0.0218411,0.00801849,6
1666.89,0.015842,0.0115456,7,0.125458,0.0577381,9,0.0321322,0.0381645,17,0.0217527,0.00853956,6
1669.21,0.0174072,0.012034,7,0.127009,0.0596039,9,0.0325776,0.0389112,17,0.0213238,0.00788438,6
1671.53,0.0174316,0.0113685,7,0.127772,0.0607288,9,0.0332303,0.0398461,17,0.0209751,0.00816971,6
1673.85,0.0174966,0.011284,7,0.12811,0.0623758,9,0.0339431,0.0407045,17,0.0203866,0.00731531,6
1676.17,0.017575,0.0121611,7,0.128511,0.0645069,9,0.0342387,0.0410925,17,0.0203438,0.00791715,6
1678.49,0.0180407,0.0126103,7,0.129172,0.0661439,9,0.0343604,0.0413767,17,0.0201068,0.00734968,6
1680.81,0.0183425,0.0119352,7,0.128746,0.0629657,9,0.0348928,0.0421992,17,0.0203508,0.00776736,6
1683.13,0.0184319,0.0104893,7,0.127605,0.060492,9,0.0349453,0.0422579,17,0.0185416,0.00775626,6
1685.44,0.0181788,0.00967826,7,0.127374,0.0591852,9,0.0355273,0.0428333,17,0.0184228,0.0079872,6
1687.75,0.0180552,0.00904364,7,0.128071,0.057601,9,0.0360465,0.0435433,17,0.0175211,0.00832594,6
1690.07,0.0178265,0.00878797,7,0.126896,0.0554106,9,0.03618,0.0439292,17,0.0172114,0.00859143,6
1692.38,0.0180257,0.00925425,7,0.126759,0.0544126,9,0.0365833,0.0442248,17,0.0166541,0.00826036,6
1694.69,0.0172119,0.00874679,7,0.125877,0.0534433,9,0.0368971,0.0444022,17,0.0166784,0.0082477,6
1697,0.0161118,0.00856883,7,0.125338,0.0530565,9,0.0370117,0.0443688,17,0.0162827,0.00788202,6
1699.31,0.0155009,0.00904896,7,0.124806,0.053747,9,0.0371489,0.0443343,17,0.0155348,0.00833856,6
1701.62,0.0150932,0.00819444,7,0.125999,0.0561517,9,0.0371207,0.0441574,17,0.0152952,0.00911534,6
1703.92,0.013813,0.00740143,7,0.126708,0.0585675,9,0.0371661,0.0439764,17,0.0164198,0.0101197,6
1706.23,0.0131129,0.00770936,7,0.127239,0.0603262,9,0.0370752,0.0434273,17,0.0172026,0.00961521,6
1708.53,0.0128953,0.00765043,7,0.126673,0.0613235,9,0.0362655,0.0424682,17,0.018634,0.0105255,6
1710.84,0.0126474,0.00775664,7,0.125895,0.0600427,9,0.0353963,0.0417904,17,0.0179949,0.0096799,6
1713.14,0.0119105,0.00627633,7,0.125029,0.0581532,9,0.0346527,0.0407647,17,0.0186169,0.0101141,6
1715.44,0.0119332,0.00605553,7,0.123158,0.056976,9,0.0339972,0.0395335,17,0.0186107,0.0100438,6
1717.74,0.0118803,0.00657407,7,0.121718,0.0571801,9,0.033025,0.0383215,17,0.0180614,0.00909741,6
1720.04,0.0113417,0.00622159,7,0.119885,0.0553637,9,0.0321289,0.0372177,17,0.0168892,0.00881324,6
1722.33,0.0111882,0.00648334,7,0.118431,0.0546028,9,0.0308002,0.0356394,17,0.016195,0.00884335,6
1724.63,0.0114396,0.00672358,7,0.115918,0.052805,9,0.0296922,0.0340459,17,0.0154583,0.00815538,6
1726.93,0.0108963,0.00632248,7,0.11339,0.0520031,9,0.0287941,0.0320275,17,0.0150374,0.00860817,6
1729.22,0.0111447,0.0068561,7,0.111171,0.0508545,9,0.027787,0.0302859,17,0.0142949,0.0081779,6
1731.52,0.0115116,0.00707723,7,0.108178,0.0497183,9,0.0270308,0.0288977,17,0.0143745,0.00896914,6
1733.81,0.0114257,0.00651767,7,0.106768,0.0487637,9,0.0260373,0.0271491,17,0.0154589,0.00923255,6
1736.1,0.0118754,0.00710774,7,0.105711,0.0482219,9,0.0248505,0.0255624,17,0.0178855,0.00925501,6
1738.39,0.0119057,0.00766215,7,0.104197,0.0471684,9,0.0234896,0.0237814,17,0.0202112,0.00864262,6
1740.68,0.0117848,0.00730199,7,0.103628,0.047701,9,0.0224734,0.0222207,17,0.0230004,0.00870916,6
1742.97,0.0113297,0.00723678,7,0.102176,0.0467739,9,0.0212865,0.0205051,17,0.0231557,0.00730763,6
1745.26,0.0108411,0.00638047,7,0.101444,0.0473508,9,0.020113,0.0184722,17,0.0250691,0.00688666,6
1747.54,0.0103381,0.00615081,7,0.0996684,0.0469656,9,0.0192682,0.0168502,17,0.0258292,0.00671401,6
1749.83,0.0103787,0.00642362,7,0.0998142,0.0482881,9,0.0183908,0.0154289,17,0.0251424,0.00614582,6
1752.11,0.00940914,0.00612466,7,0.099117,0.0474427,9,0.0177257,0.0146356,17,0.0244235,0.00601643,6
1754.39,0.0094487,0.00605568,7,0.098768,0.0475743,9,0.0167815,0.0133702,17,0.0228175,0.006221,6
1756.68,0.00955009,0.00615016,7,0.0969137,0.0482271,9,0.0163992,0.0129868,17,0.0208828,0.00669177,6
1758.96,0.00967903,0.00597815,7,0.0946917,0.0480925,9,0.0158852,0.0124313,17,0.0179133,0.00618627,6
1761.24,0.00928387,0.00575506,7,0.0926853,0.0482695,9,0.0156614,0.0126281,17,0.0153994,0.00563694,6
1763.52,0.0095428,0.00570315,7,0.0906804,0.047261,9,0.0153333,0.0130354,17,0.0139678,0.0048165,6
1765.79,0.00949955,0.00577139,7,0.0892976,0.0453508,9,0.0147764,0.0128879,17,0.0124894,0.0052748,6
1768.07,0.010004,0.00656472,7,0.0886761,0.0462752,9,0.0143005,0.0132243,17,0.0120335,0.00529867,6
1770.35,0.0100086,0.00687895,7,0.0886765,0.045217,9,0.0138656,0.0136576,17,0.0115107,0.00517382,6
1772.62,0.00911571,0.00611282,7,0.0883345,0.0441337,9,0.0140738,0.0145948,17,0.0115484,0.00557783,6
1774.89,0.00857769,0.00597623,7,0.0866699,0.0424786,9,0.013351,0.0139164,17,0.0102622,0.00514974,6
1777.17,0.00815958,0.00504699,7,0.0857136,0.0409726,9,0.0130236,0.0136392,17,0.0101195,0.00527673,6
1779.44,0.00766894,0.00476319,7,0.0840985,0.0400276,9,0.0127087,0.0132139,17,0.0103627,0.00564192,6
1781.71,0.00762782,0.00494212,7,0.0835443,0.0393738,9,0.0130388,0.0144744,17,0.0105117,0.00543227,6
1783.98,0.00699441,0.00434247,7,0.081379,0.0364447,9,0.01246,0.0141237,17,0.0114837,0.00558415,6
1786.25,0.00752754,0.00432575,7,0.0808222,0.0367459,9,0.0121357,0.013118,17,0.0122471,0.00635715,6
1788.51,0.0077846,0.0043474,7,0.0798455,0.0359954,9,0.0122687,0.0132814,17,0.0128889,0.00659487,6
1790.78,0.00774517,0.00391698,7,0.0794829,0.0371776,9,0.0120476,0.0125227,17,0.014292,0.00724651,6
1793.04,0.00795516,0.0044255,7,0.079779,0.0384695,9,0.0119667,0.0118968,17,0.0152315,0.00749756,6
1795.31,0.00841247,0.00474807,7,0.0799438,0.0382309,9,0.0118093,0.0117938,17,0.0156719,0.00796728,6
1797.57,0.00834953,0.00495185,7,0.0793804,0.0373419,9,0.0117131,0.0119877,17,0.0159024,0.00795843,6
1799.83,0.00832831,0.00547069,7,0.0795724,0.0387623,9,0.0115666,0.0119855,17,0.0161078,0.00837678,6
1802.09,0.00780123,0.00477515,7,0.0772802,0.0353412,9,0.0112237,0.0115281,17,0.0159779,0.00855631,6
1804.35,0.00691547,0.00469947,7,0.075838,0.0345534,9,0.0107944,0.0111062,17,0.0152716,0.00843382,6
1806.61,0.00664531,0.00441616,7,0.073874,0.0332631,9,0.0102256,0.0105576,17,0.0137762,0.00735634,6
1808.87,0.00635121,0.00417786,7,0.0722785,0.0328821,9,0.00991993,0.0101057,17,0.0126185,0.00549048,6
1811.13,0.00607337,0.00406837,7,0.0707655,0.032645,9,0.00955941,0.00992374,17,0.0119816,0.00532849,6
1813.38,0.00622021,0.00436791,7,0.0686902,0.0309926,9,0.00942203,0.0102293,17,0.0112149,0.00527537,6
1815.64,0.00636225,0.00388457,7,0.0670484,0.0301705,9,0.00903984,0.00963123,17,0.0114341,0.00524549,6
1817.89,0.0069442,0.00364628,7,0.0660396,0.0310821,9,0.00891414,0.00969304,17,0.0112035,0.00514463,6
1820.14,0.00707591,0.00330841,7,0.0653147,0.031198,9,0.00885632,0.00970564,17,0.0107073,0.00477165,6
1822.4,0.00725007,0.00328229,7,0.0639686,0.0326121,9,0.0082592,0.00889845,17,0.0108969,0.00549849,6
1824.65,0.00716812,0.00372849,7,0.062772,0.0313827,9,0.00786711,0.00850903,17,0.0103736,0.00512499,6
1826.9,0.00647341,0.00322078,7,0.0617573,0.0318328,9,0.007588,0.00826876,17,0.0101287,0.00497262,6
1829.14,0.00567635,0.00305897,7,0.0613557,0.0323473,9,0.007499,0.00846238,17,0.0102553,0.00611545,6
1831.39,0.00522097,0.00265744,7,0.0596069,0.0326087,9,0.00765079,0.00870209,17,0.0106113,0.00582566,6
1833.64,0.00488094,0.00286798,7,0.057222,0.0311083,9,0.00750909,0.00834367,17,0.0104698,0.0061302,6
1835.88,0.0046839,0.00279085,7,0.0561869,0.0314355,9,0.00722057,0.00804251,17,0.0100091,0.00558765,6
1838.13,0.00440009,0.00243945,7,0.0543501,0.0308767,9,0.00747736,0.00844042,17,0.00960909,0.00460111,6
1840.37,0.00463484,0.00247891,7,0.0537086,0.0308109,9,0.00736248,0.00807852,17,0.00959942,0.00356155,6
1842.61,0.00523998,0.00284236,7,0.0535388,0.0298006,9,0.00742742,0.00882492,17,0.00932517,0.00286833,6
1844.85,0.00584235,0.00365854,7,0.0522041,0.0287049,9,0.00744612,0.00973121,17,0.00884116,0.00295616,6
1847.09,0.00620882,0.00421481,7,0.0501659,0.0277731,9,0.00787437,0.0105422,17,0.00903986,0.00334087,6
1849.33,0.00703921,0.00481909,7,0.0489801,0.0266902,9,0.00783319,0.0106531,17,0.00931923,0.00409988,6
1851.57,0.00712146,0.00473613,7,0.0480965,0.02585,9,0.00767756,0.0104197,17,0.00878297,0.00403578,6
1853.81,0.00717564,0.00466497,7,0.0475633,0.0259418,9,0.00771283,0.0102259,17,0.00984624,0.0046408,6
1856.05,0.00753854,0.00519834,7,0.0476204,0.0249062,9,0.0078504,0.0104519,17,0.00962286,0.00415208,6
1858.28,0.0074609,0.0052573,7,0.0476285,0.0253284,9,0.00775019,0.00990797,17,0.0100188,0.00406674,6
1860.51,0.00767142,0.00554817,7,0.0488344,0.0260117,9,0.00822219,0.0103035,17,0.0109346,0.00434556,6
1862.75,0.00794988,0.00571561,7,0.0485822,0.0257719,9,0.00874109,0.0105508,17,0.0111319,0.0048088,6
1864.98,0.00790577,0.00576506,7,0.0493643,0.0265841,9,0.00879881,0.0100575,17,0.0116638,0.00494324,6
1867.21,0.00750715,0.00487529,7,0.0495837,0.0275147,9,0.00883281,0.00964684,17,0.0118085,0.00587132,6
1869.44,0.00771194,0.00489736,7,0.0498526,0.0277396,9,0.0090494,0.0095486,17,0.0124619,0.00590624,6
1871.67,0.00826707,0.00502329,7,0.0507473,0.0279276,9,0.00919565,0.00997408,17,0.0126132,0.00595073,6
1873.9,0.00793628,0.00491973,7,0.0500809,0.0270298,9,0.00935394,0.0104249,17,0.0124819,0.00482968,6
1876.12,0.00722429,0.00452309,7,0.0480923,0.0268454,9,0.00957628,0.0109201,17,0.0120668,0.00445475,6
1878.35,0.0072281,0.00453011,7,0.0450064,0.0248151,9,0.00968087,0.01114,17,0.0126061,0.00406128,6
1880.57,0.00694372,0.00440516,7,0.0450747,0.0248617,9,0.00966686,0.0114242,17,0.0124094,0.00404531,6
1882.8,0.00647466,0.00349359,7,0.0434707,0.0244119,9,0.00979735,0.0122149,17,0.0113113,0.00279707,6
1885.02,0.00671713,0.00331399,7,0.04345,0.0262013,9,0.0104846,0.0133864,17,0.0109074,0.00247415,6
1887.24,0.00713081,0.00354705,7,0.0418048,0.0244557,9,0.0108516,0.0146172,17,0.009511,0.00299155,6
1889.46,0.00716757,0.00405199,7,0.0405888,0.0233781,9,0.0110641,0.0155738,17,0.00885635,0.00327926,6
1891.68,0.00751946,0.0042346,7,0.0399844,0.0229763,9,0.0114199,0.0164822,17,0.00868071,0.0037581,6
1893.9,0.00770625,0.00430335,7,0.0387205,0.0225782,9,0.0116237,0.0174718,17,0.00786387,0.00325112,6
1896.12,0.00750027,0.00373228,7,0.0379805,0.023378,9,0.0117,0.018455,17,0.00792355,0.00287431,6
1898.34,0.00751018,0.00407172,7,0.0371507,0.0225817,9,0.0117697,0.0194297,17,0.00750685,0.00341741,6
1900.55,0.00800232,0.00438395,7,0.0358983,0.021579,9,0.0117841,0.0204783,17,0.00837514,0.00442631,6
1902.77,0.00787095,0.00439803,7,0.0354482,0.0211051,9,0.0120227,0.0214143,17,0.00892011,0.00506359,6
1904.98,0.00755326,0.00400759,7,0.0331858,0.0199039,9,0.012056,0.0225614,17,0.00979149,0.0053895,6
1907.19,0.00729422,0.00393344,7,0.0320414,0.0195182,9,0.0122603,0.0236972,17,0.010277,0.00583008,6
1909.4,0.00712796,0.00396303,7,0.0305603,0.017961,9,0.0122355,0.0241847,17,0.0112781,0.00569891,6
1911.61,0.00703041,0.00441656,7,0.0308234,0.0196171,9,0.0124501,0.0246386,17,0.0104468,0.00571419,6
1913.82,0.00699071,0.00440717,7,0.0300712,0.0196917,9,0.0129839,0.0252146,17,0.0106023,0.00530189,6
1916.03,0.00714889,0.0048159,7,0.0299365,0.0206855,9,0.0131681,0.0253764,17,0.0112635,0.00516408,6
1918.24,0.00712714,0.00463628,7,0.0296363,0.0188073,9,0.0132764,0.0256486,17,0.0116003,0.00460761,6
1920.44,0.00739984,0.00515498,7,0.0299841,0.0189666,9,0.013309,0.0257513,17,0.0111141,0.00398464,6
1922.65,0.00745493,0.00505332,7,0.0296987,0.0185549,9,0.0131267,0.0257369,17,0.0108708,0.00377666,6
1924.85,0.00740805,0.00479682,7,0.0291859,0.0176647,9,0.0129948,0.0253896,17,0.010224,0.00271855,6
1927.06,0.0067188,0.00422186,7,0.029502,0.0170468,9,0.0128826,0.0250971,17,0.00987349,0.00266167,6
1929.26,0.00684354,0.00449826,7,0.0299492,0.0169877,9,0.0127876,0.0246009,17,0.00942709,0.00240567,6
1931.46,0.00692367,0.00427657,7,0.029766,0.0166431,9,0.0125299,0.0241852,17,0.0104961,0.00271111,6
1933.66,0.00670662,0.00454955,7,0.0309618,0.0168074,9,0.0124015,0.0232759,17,0.0107494,0.00351633,6
1935.86,0.00684035,0.00499018,7,0.0305845,0.0159643,9,0.0122487,0.0225489,17,0.0101551,0.00417763,6
1938.06,0.00668108,0.00537328,7,0.0312229,0.015991,9,0.0126069,0.0218247,17,0.0103245,0.00440939,6
1940.26,0.00634872,0.00497237,7,0.031475,0.017169,9,0.0122755,0.0206105,17,0.0105881,0.00486623,6
1942.45,0.00696504,0.00583313,7,0.0316596,0.0186676,9,0.0120888,0.0195899,17,0.0101574,0.00499335,6
1944.65,0.00702514,0.00559293,7,0.0323947,0.0198608,9,0.0118691,0.018445,17,0.0110308,0.00443411,6
1946.84,0.00734293,0.00546381,7,0.0321275,0.0199703,9,0.0113359,0.0172131,17,0.012122,0.00494322,6
1949.04,0.00750164,0.00539272,7,0.0325739,0.01995,9,0.0109757,0.0162876,17,0.0122649,0.00469736,6
1951.23,0.00702452,0.00485331,7,0.0325513,0.0207728,9,0.0107971,0.0153689,17,0.0120073,0.00478592,6
1953.42,0.00698044,0.0052863,7,0.0312317,0.0198126,9,0.0103481,0.0143223,17,0.0115194,0.00494828,6
1955.61,0.00659306,0.00479015,7,0.0296073,0.0198075,9,0.0100874,0.0134571,17,0.0110351,0.00542829,6
1957.8,0.00574975,0.0047326,7,0.029838,0.0197784,9,0.00967678,0.0128472,17,0.00995726,0.00555568,6
1959.99,0.00576567,0.00479262,7,0.0293326,0.020919,9,0.00930052,0.0120586,17,0.0099616,0.00544649,6
1962.17,0.00547522,0.0039296,7,0.0282256,0.0187819,9,0.00883845,0.0115005,17,0.010706,0.00521436,6
1964.36,0.00516337,0.00346692,7,0.0272155,0.0165743,9,0.00849101,0.0107702,17,0.0103658,0.00525449,6
1966.55,0.00499329,0.00317944,7,0.0260996,0.0156919,9,0.00862063,0.0104929,17,0.00962558,0.00487103,6
1968.73,0.00495126,0.00299274,7,0.0254649,0.0160803,9,0.00848906,0.010021,17,0.0102806,0.0045369,6
1970.91,0.00460408,0.00211593,7,0.0248959,0.0160936,9,0.00782955,0.009295,17,0.0103707,0.00379035,6
1973.1,0.00496521,0.00223043,7,0.0236961,0.0140899,9,0.00762111,0.00880693,17,0.0100645,0.00342327,6
1975.28,0.00471701,0.00192877,7,0.0235531,0.0142096,9,0.00740077,0.00838325,17,0.010618,0.00344208,6
1977.46,0.00479948,0.00210941,7,0.0229858,0.0141272,9,0.00715621,0.00818148,17,0.0113494,0.00441609,6
1979.64,0.00450738,0.0022439,7,0.0222502,0.0148404,9,0.00712549,0.00800033,17,0.0111188,0.00427487,6
1981.81,0.00459235,0.00219386,7,0.0214692,0.0142304,9,0.00705546,0.00775813,17,0.0109047,0.00444591,6
1983.99,0.0048034,0.00257201,7,0.0205447,0.0140321,9,0.00700387,0.00759305,17,0.0112817,0.00501617,6
1986.17,0.00473874,0.00282359,7,0.0198525,0.0138974,9,0.00702709,0.00758375,17,0.0106067,0.0053196,6
1988.34,0.00456868,0.00312434,7,0.0189968,0.0126074,9,0.0068567,0.0079655,17,0.00983603,0.00502944,6
1990.52,0.00463181,0.00321457,7,0.0178235,0.012023,9,0.00685441,0.00798873,17,0.00986694,0.0045571,6
1992.69,0.00461824,0.00296129,7,0.0160609,0.0103434,9,0.00649293,0.00799067,17,0.00927591,0.00412344,6
1994.86,0.00469002,0.00307207,7,0.0147958,0.00965758,9,0.00654217,0.00824598,17,0.00824491,0.00384844,6
1997.03,0.00462641,0.0032429,7,0.0139991,0.00977018,9,0.00676866,0.00878619,17,0.00771063,0.00386771,6
1999.2,0.00446302,0.00297654,7,0.0135278,0.00952659,9,0.00678667,0.00946639,17,0.00754749,0.0031665,6
2001.37,0.0042603,0.00270861,7,0.0129474,0.00870377,9,0.00701114,0.0100849,17,0.00674216,0.00253056,6
2003.54,0.00420994,0.00258919,7,0.0123249,0.00816141,9,0.0074237,0.010693,17,0.00659983,0.00251403,6
2005.71,0.00398389,0.00236221,7,0.0126478,0.00939971,9,0.0074117,0.0115915,17,0.0062669,0.0023986,6
2007.88,0.00373931,0.00237809,7,0.0120016,0.00978535,9,0.00769666,0.0124849,17,0.00573774,0.00265494,6
2010.04,0.00359563,0.00219812,7,0.0122549,0.0104936,9,0.00808255,0.0129309,17,0.00558982,0.00230308,6
2012.21,0.00367166,0.00231262,7,0.013329,0.0111187,9,0.00839268,0.0135662,17,0.0065073,0.00223302,6
2014.37,0.00361343,0.00261893,7,0.0133605,0.0109742,9,0.0089689,0.0143663,17,0.00746666,0.00251379,6
2016.53,0.00389667,0.00338687,7,0.0132006,0.0104194,9,0.00935494,0.0151584,17,0.00752925,0.00292171,6
2018.69,0.00370597,0.00317124,7,0.0122333,0.00852286,9,0.00946248,0.0160544,17,0.00782357,0.00323103,6
2020.85,0.00357374,0.00274381,7,0.012056,0.00791304,9,0.00936254,0.0164515,17,0.00787438,0.00305156,6
2023.01,0.00397755,0.00305574,7,0.0109438,0.00780599,9,0.00917981,0.0168159,17,0.00782489,0.00319247,6
2025.17,0.0043474,0.00316309,7,0.0100572,0.00613988,9,0.00937502,0.0173963,17,0.00808439,0.00326929,6
2027.33,0.00426734,0.00297766,7,0.00896986,0.00561864,9,0.00959249,0.0181023,17,0.00825917,0.00369799,6
2029.48,0.00442908,0.00289121,7,0.00896636,0.00588304,9,0.00973421,0.0186154,17,0.00834051,0.00400327,6
2031.64,0.00484875,0.00322786,7,0.00903265,0.00603381,9,0.0100283,0.0190452,17,0.00847459,0.00399048,6
2033.79,0.00505368,0.00310001,7,0.00874754,0.00561514,9,0.0100436,0.0195979,17,0.00799512,0.0039553,6
2035.95,0.0052467,0.00335039,7,0.0083306,0.00444324,9,0.00993584,0.0199825,17,0.00726246,0.00392215,6
2038.1,0.00526159,0.00337852,7,0.00818469,0.00459023,9,0.0104054,0.0201785,17,0.00674259,0.00455836,6
2040.25,0.00583355,0.00323061,7,0.0089977,0.00500518,9,0.0105311,0.0200014,17,0.00725702,0.0047663,6
2042.4,0.00631717,0.00337226,7,0.00948066,0.00498633,9,0.0110735,0.0200425,17,0.00738257,0.00467918,6
2044.55,0.00673693,0.00347651,7,0.0101305,0.00538572,9,0.0115328,0.0198636,17,0.00741254,0.00483638,6
2046.7,0.00662237,0.00348873,7,0.0107734,0.00528896,9,0.0119049,0.0198362,17,0.00738511,0.00500346,6
2048.85,0.00669521,0.00342503,7,0.0109374,0.00566594,9,0.0119163,0.0196202,17,0.00730687,0.00442729,6
2050.99,0.00658313,0.00336996,7,0.0108374,0.00654539,9,0.0116531,0.0193429,17,0.00729475,0.00454557,6
2053.14,0.00673158,0.00371984,7,0.00979884,0.0060795,9,0.0114608,0.0190654,17,0.00697645,0.00389248,6
2055.28,0.00683362,0.00408076,7,0.0086638,0.00478625,9,0.0112376,0.018906,17,0.00739918,0.00367045,6
2057.43,0.00642177,0.00383482,7,0.00771696,0.00371607,9,0.0109949,0.0188729,17,0.00718824,0.00334284,6
2059.57,0.00633944,0.00410186,7,0.00783849,0.00398701,9,0.0106054,0.0185867,17,0.00754882,0.00371139,6
2061.71,0.00588549,0.00347232,7,0.00776546,0.00309315,9,0.0103885,0.0185363,17,0.00741343,0.00333928,6
2063.85,0.00548234,0.00292138,7,0.00721788,0.00285636,9,0.00986383,0.0185493,17,0.00699569,0.00338036,6
2065.99,0.0052545,0.00271476,7,0.00688707,0.00337007,9,0.00973622,0.0183346,17,0.00706617,0.00328109,6
2068.13,0.00506812,0.0023426,7,0.0068928,0.0037315,9,0.00982396,0.0183885,17,0.00701264,0.00323879,6
2070.27,0.00505537,0.0022772,7,0.00632545,0.00421509,9,0.00966372,0.0183132,17,0.00764121,0.0031402,6
2072.41,0.00475907,0.00223295,7,0.00631366,0.00491433,9,0.0099213,0.0180561,17,0.00783611,0.00270602,6
2074.54,0.00471616,0.00150331,7,0.00686901,0.00500608,9,0.0100163,0.0176172,17,0.00836176,0.00304085,6
2076.68,0.00479546,0.00172715,7,0.00702105,0.00484639,9,0.0101314,0.017188,17,0.00875533,0.00327826,6
2078.81,0.00544359,0.00201112,7,0.00715147,0.0055892,9,0.00970025,0.0166369,17,0.00911862,0.00358016,6
2080.94,0.0056037,0.00181963,7,0.00729879,0.00582458,9,0.009565,0.0158252,17,0.00904881,0.00359916,6
2083.08,0.00630481,0.0021977,7,0.00699893,0.00513723,9,0.00925501,0.0149815,17,0.00880775,0.0033653,6
2085.21,0.00650846,0.00234055,7,0.00679141,0.00429889,9,0.00891294,0.0142696,17,0.00930879,0.00374838,6
2087.34,0.00674975,0.00253834,7,0.00705133,0.00435364,9,0.00854909,0.013373,17,0.00887572,0.00356977,6
2089.47,0.00700952,0.00275303,7,0.00675171,0.00351946,9,0.0081076,0.012229,17,0.00861198,0.00321883,6
2091.59,0.00690024,0.00283043,7,0.00694792,0.00368543,9,0.00766094,0.011346,17,0.00838404,0.00316783,6
2093.72,0.00680932,0.00307968,7,0.00683824,0.00343426,9,0.00725848,0.0103589,17,0.00819732,0.00302028,6
2095.85,0.00668197,0.00325443,7,0.00700824,0.00306674,9,0.00709594,0.00935987,17,0.00778464,0.0029126,6
2097.97,0.00640888,0.00315732,7,0.00656996,0.00302721,9,0.00668916,0.0088206,17,0.00770775,0.0024025,6
2100.1,0.00608164,0.00338284,7,0.00679352,0.00358058,9,0.00629907,0.0079477,17,0.00763605,0.00157215,6
2102.22,0.00601722,0.00328723,7,0.00638898,0.00383843,9,0.00613081,0.00703653,17,0.00755159,0.00121631,6
2104.34,0.00623525,0.00298422,7,0.00633394,0.00353698,9,0.00579907,0.00630994,17,0.00766484,0.000927623,6
2106.46,0.00640175,0.00322736,7,0.00613515,0.00372802,9,0.00564126,0.005438,17,0.00775245,0.000962001,6
2108.58,0.00695377,0.00347399,7,0.00613287,0.00361871,9,0.00541595,0.00465937,17,0.00760985,0.0011398,6
2110.7,0.00720708,0.00344497,7,0.00632,0.00408079,9,0.00566574,0.00408961,17,0.00759502,0.00169795,6
2112.82,0.00734317,0.00341885,7,0.00591792,0.00325573,9,0.00558721,0.00357151,17,0.00751059,0.00206441,6
2114.94,0.00730777,0.00344137,7,0.00621272,0.00384868,9,0.00556549,0.00326321,17,0.00791462,0.00252005,6
2117.05,0.00748086,0.00365384,7,0.00591329,0.00376383,9,0.00570062,0.00297834,17,0.0078871,0.00233221,6
2119.17,0.00732162,0.00369263,7,0.00565719,0.00287091,9,0.00562802,0.00273013,17,0.00778496,0.00224767,6
2121.28,0.00717268,0.00394218,7,0.00598641,0.00288216,9,0.00558219,0.00268402,17,0.00788362,0.00258334,6
2123.4,0.00698433,0.00353606,7,0.00585598,0.00301833,9,0.00570476,0.00299062,17,0.00801027,0.00290619,6
2125.51,0.00679362,0.00340533,7,0.00691769,0.00378243,9,0.00560938,0.00322204,17,0.00830524,0.00301513,6
2127.62,0.00677589,0.00298919,7,0.00726811,0.00399074,9,0.00539913,0.00332259,17,0.00889258,0.00306742,6
2129.73,0.00622598,0.00255474,7,0.00769137,0.003922,9,0.00544923,0.00334648,17,0.00906937,0.00314945,6
2131.84,0.00607999,0.00263825,7,0.00741051,0.00409653,9,0.0053749,0.00345589,17,0.00976254,0.00362886,6
2133.95,0.00585278,0.00235541,7,0.00703958,0.00425313,9,0.00523706,0.00323727,17,0.00975521,0.00362812,6
2136.06,0.00587676,0.00275328,7,0.00647904,0.0035492,9,0.00516419,0.00305916,17,0.0101139,0.00375744,6
2138.17,0.0058554,0.00274835,7,0.00701196,0.00338532,9,0.00509203,0.00292679,17,0.0103346,0.00453918,6
2140.27,0.00563963,0.00295049,7,0.00753851,0.00342583,9,0.00532199,0.00340405,17,0.0102101,0.00453635,6
2142.38,0.00562013,0.00286893,7,0.00751951,0.00287166,9,0.00528298,0.00334021,17,0.0103621,0.00441861,6
2144.48,0.00596311,0.00308335,7,0.0085281,0.00374067,9,0.00519401,0.00332011,17,0.0105233,0.00460352,6
2146.58,0.00551454,0.00276951,7,0.00886285,0.00408211,9,0.00522474,0.00319508,17,0.0100763,0.00448793,6
2148.69,0.00544359,0.00261254,7,0.00950235,0.00463511,9,0.00517939,0.00326286,17,0.00974703,0.00407479,6
2150.79,0.00589404,0.00273378,7,0.00982727,0.00586674,9,0.00496083,0.00293411,17,0.00954569,0.00391625,6
2152.89,0.00628995,0.00273575,7,0.0105734,0.00659844,9,0.00502269,0.00288011,17,0.00966761,0.00425338,6
2154.99,0.00656437,0.00281606,7,0.0109867,0.0069019,9,0.00493002,0.0028979,17,0.0093744,0.00407059,6
2157.08,0.00662988,0.00267151,7,0.0102128,0.00588431,9,0.0050431,0.00321419,17,0.00883305,0.00376897,6
2159.18,0.00634111,0.00235571,7,0.00990292,0.00536277,9,0.00525969,0.0034881,17,0.0085538,0.00381854,6
2161.28,0.00648663,0.00263243,7,0.010429,0.00478033,9,0.00527118,0.00353931,17,0.00856294,0.00389423,6
2163.37,0.00657791,0.00255622,7,0.0105992,0.00435399,9,0.00538414,0.00369694,17,0.00773898,0.00308634,6
2165.47,0.00656018,0.00242612,7,0.010974,0.00378872,9,0.00514851,0.00336768,17,0.00803025,0.0022678,6
2167.56,0.00636538,0.00180937,7,0.0121559,0.00408549,9,0.00518145,0.00338525,17,0.00749042,0.00183854,6
2169.65,0.00617909,0.00187871,7,0.012245,0.00409521,9,0.00535141,0.00374068,17,0.00736112,0.00130873,6
2171.74,0.00652968,0.00201205,7,0.0126685,0.00433166,9,0.00524627,0.00367209,17,0.00808631,0.00137998,6
2173.84,0.00630137,0.0020074,7,0.0135753,0.00524178,9,0.00545735,0.00380066,17,0.00828408,0.00215358,6
2175.93,0.00586166,0.00192021,7,0.0144434,0.0062673,9,0.00552843,0.00370364,17,0.00855718,0.00178726,6
2178.01,0.00588505,0.00164565,7,0.0148835,0.00664418,9,0.00556532,0.00377675,17,0.00873923,0.00175591,6
2180.1,0.00646446,0.00207757,7,0.0155358,0.00721336,9,0.00549095,0.0035729,17,0.00874878,0.00192477,6
2182.19,0.00671974,0.00261464,7,0.0156685,0.00714574,9,0.005588,0.00360761,17,0.00946776,0.00228404,6
2184.27,0.00722429,0.00308941,7,0.0155453,0.00700301,9,0.00566577,0.00349634,17,0.00920549,0.00212073,6
2186.36,0.00737519,0.00323764,7,0.0163305,0.00708671,9,0.00579067,0.0036146,17,0.00925844,0.00269228,6
2188.44,0.00765334,0.00335872,7,0.018117,0.00840178,9,0.00607443,0.00394337,17,0.00981588,0.0033257,6
2190.53,0.00816246,0.00342216,7,0.0196378,0.00742712,9,0.00628988,0.00443662,17,0.0100921,0.00322456,6
2192.61,0.00870675,0.0038131,7,0.0194437,0.00741313,9,0.00637271,0.00459108,17,0.010163,0.00292478,6
2194.69,0.00866447,0.00346297,7,0.0191188,0.0063569,9,0.00626332,0.0044264,17,0.0100671,0.00279348,6
2196.77,0.0085349,0.00315257,7,0.0188166,0.00590532,9,0.00632964,0.00461442,17,0.009821,0.00280275,6
2198.85,0.00805618,0.00229389,7,0.0179002,0.00516608,9,0.0063524,0.00475308,17,0.0099893,0.00336628,6
2200.93,0.00803704,0.00254261,7,0.0177919,0.00535592,9,0.00628718,0.00441531,17,0.0102264,0.00371109,6
2203,0.00743895,0.00248037,7,0.0176172,0.00576181,9,0.0065217,0.00459268,17,0.00977303,0.00362681,6
2205.08,0.00744569,0.0024263,7,0.018238,0.00658521,9,0.00659113,0.00446205,17,0.00967143,0.00362733,6
2207.16,0.00713108,0.00235319,7,0.0187077,0.00672408,9,0.00669126,0.00443002,17,0.00938563,0.00358283,6
2209.23,0.0071642,0.00239534,7,0.0198088,0.00696775,9,0.00691426,0.00440153,17,0.0093603,0.00332654,6
2211.3,0.00729528,0.00237479,7,0.0201839,0.00704649,9,0.00688377,0.00418464,17,0.00945401,0.00272395,6
2213.38,0.00783445,0.00262105,7,0.0220271,0.00876584,9,0.00714623,0.00427873,17,0.0093402,0.00186809,6
2215.45,0.00805114,0.00257647,7,0.0233467,0.0102781,9,0.00743233,0.00461319,17,0.00958819,0.00260236,6
2217.52,0.0082546,0.00265583,7,0.0247853,0.0113065,9,0.00764035,0.00472866,17,0.00955361,0.00304872,6
2219.59,0.00867447,0.00268586,7,0.0253755,0.0106044,9,0.00788504,0.00507508,17,0.00966637,0.00323914,6
2221.66,0.00887401,0.0031641,7,0.0249373,0.0105461,9,0.00797211,0.00506782,17,0.00973905,0.00304221,6
2223.73,0.00864583,0.00304488,7,0.0251338,0.0106058,9,0.00793751,0.00492284,17,0.00977204,0.00359043,6
2225.79,0.00843724,0.00307286,7,0.0248212,0.010282,9,0.00789114,0.00486323,17,0.00989512,0.00345462,6
2227.86,0.00779548,0.00269935,7,0.0249007,0.0105883,9,0.00778652,0.0049081,17,0.0107914,0.00371973,6
2229.92,0.00788266,0.00313574,7,0.0252111,0.0100887,9,0.00759195,0.00455173,17,0.0111613,0.00330264,6
2231.99,0.00765998,0.00331551,7,0.0257671,0.0103921,9,0.00743582,0.00452235,17,0.0112252,0.00312395,6
2234.05,0.00778924,0.00354892,7,0.026372,0.0108125,9,0.0075042,0.004465,17,0.0118566,0.00312367,6
2236.11,0.00777714,0.00385516,7,0.0266634,0.0106395,9,0.00764903,0.00463352,17,0.0122169,0.00320052,6
2238.18,0.00776865,0.00365192,7,0.0275594,0.010232,9,0.00781883,0.00482672,17,0.0120968,0.003199,6
2240.24,0.00804911,0.00384989,7,0.027844,0.0103242,9,0.0077797,0.0047962,17,0.0121896,0.00359501,6
2242.3,0.00856271,0.00403737,7,0.028785,0.0108501,9,0.00806354,0.0052549,17,0.0122312,0.00363587,6
2244.35,0.00874642,0.0041759,7,0.0283675,0.0108545,9,0.00817787,0.0052926,17,0.0118543,0.00366314,6
2246.41,0.00890644,0.0042694,7,0.028681,0.0106578,9,0.00819108,0.00526294,17,0.0112159,0.00284581,6
2248.47,0.0090534,0.00437016,7,0.0290424,0.0103423,9,0.00828636,0.00528528,17,0.0103761,0.00209989,6
2250.52,0.00939635,0.00412434,7,0.0288536,0.0104676,9,0.00818509,0.00507972,17,0.00998345,0.00126124,6
2252.58,0.00952338,0.00413583,7,0.0292794,0.0110268,9,0.0080634,0.00473954,17,0.00949482,0.00160836,6
2254.63,0.00924376,0.00379433,7,0.0295028,0.0112394,9,0.00794903,0.00461778,17,0.0089026,0.00206065,6
2256.69,0.00910119,0.00362464,7,0.0294982,0.0102753,9,0.00769979,0.00436603,17,0.00948954,0.00274005,6
2258.74,0.00925124,0.00379802,7,0.0294882,0.00997247,9,0.0074303,0.00416061,17,0.00913067,0.00312961,6
2260.79,0.00933783,0.00416859,7,0.0297163,0.00986976,9,0.0073071,0.00428065,17,0.00932422,0.00404029,6
2262.84,0.00935661,0.00472788,7,0.0299446,0.00940009,9,0.00745136,0.00446634,17,0.00991937,0.00448078,6
2264.89,0.00930724,0.00460508,7,0.0306068,0.00904443,9,0.00768366,0.00480671,17,0.0106998,0.00479391,6
2266.94,0.00896,0.00444856,7,0.0320062,0.0095613,9,0.00788225,0.00519661,17,0.0116449,0.00539429,6
2268.98,0.00873354,0.00439058,7,0.0326268,0.0102623,9,0.00800317,0.00527085,17,0.012235,0.0049096,6
2271.03,0.0090151,0.00469583,7,0.0339027,0.0107345,9,0.00807917,0.00511059,17,0.012738,0.00456522,6
2273.08,0.00868217,0.00482359,7,0.0345018,0.0111395,9,0.0082106,0.00512894,17,0.01275,0.00430954,6
2275.12,0.00852672,0.00471628,7,0.0351876,0.0115576,9,0.008287,0.00514752,17,0.012499,0.00421705,6
2277.16,0.00843893,0.00457696,7,0.0369732,0.0127905,9,0.00834607,0.00500096,17,0.0120009,0.00410136,6
2279.21,0.0085242,0.00418755,7,0.0379847,0.01405,9,0.00847144,0.00480605,17,0.0117325,0.0035037,6
2281.25,0.0088241,0.00415558,7,0.0388587,0.0152758,9,0.0087046,0.00492908,17,0.0111609,0.00310913,6
2283.29,0.00907913,0.00393469,7,0.0398532,0.0156013,9,0.00871595,0.00482982,17,0.0106161,0.00333555,6
2285.33,0.00964369,0.00457379,7,0.0401039,0.0148622,9,0.00879101,0.00492476,17,0.0104214,0.00360846,6
2287.37,0.00990014,0.00498623,7,0.0409856,0.0154027,9,0.0088454,0.00492909,17,0.0099996,0.00365619,6
2289.41,0.0101267,0.00480153,7,0.0418854,0.0155037,9,0.00910281,0.00511919,17,0.0100047,0.00423514,6
2291.45,0.0102983,0.00465588,7,0.0427619,0.0157181,9,0.00921587,0.00526944,17,0.0100869,0.00385162,6
2293.48,0.0104855,0.00440014,7,0.0432804,0.015807,9,0.00955359,0.00545905,17,0.0103676,0.00349746,6
2295.52,0.0102725,0.00431306,7,0.0438658,0.0161186,9,0.00978404,0.00574654,17,0.0108121,0.00374598,6
2297.55,0.0102638,0.00427878,7,0.043946,0.0163046,9,0.00987322,0.00560078,17,0.0108485,0.00261449,6
2299.58,0.0102543,0.00461131,7,0.0447014,0.0165921,9,0.00987931,0.00547624,17,0.0108868,0.00265397,6
2301.62,0.00964506,0.00466282,7,0.0447653,0.0167206,9,0.00997501,0.00572859,17,0.0109054,0.00302763,6
2303.65,0.00941943,0.00488607,7,0.0451191,0.0168523,9,0.00997596,0.00579373,17,0.0108554,0.00312206,6
2305.68,0.00911011,0.0045873,7,0.046861,0.0177903,9,0.010218,0.00602401,17,0.0111086,0.00391686,6
2307.71,0.00913658,0.00444138,7,0.0478753,0.018908,9,0.0103852,0.00611068,17,0.0114759,0.00442108,6
2309.74,0.00956791,0.00465598,7,0.048938,0.0195847,9,0.0105467,0.00630146,17,0.0117616,0.00469135,6
2311.77,0.00961337,0.00466574,7,0.0510325,0.0202974,9,0.0105444,0.00621771,17,0.0119762,0.0048996,6
2313.79,0.00969764,0.00471163,7,0.0523285,0.0209215,9,0.0107599,0.00641016,17,0.0124398,0.00460342,6
2315.82,0.00987717,0.00492523,7,0.053725,0.0213805,9,0.01075,0.00642427,17,0.0127023,0.0044495,6
2317.85,0.0102457,0.00501697,7,0.0548858,0.0216641,9,0.0107955,0.00656831,17,0.0128449,0.00457326,6
2319.87,0.0110181,0.00545708,7,0.0556198,0.0217716,9,0.0109561,0.00689638,17,0.0126444,0.00421698,6
2321.89,0.0113389,0.00575005,7,0.0563394,0.0214714,9,0.0112118,0.0070216,17,0.01302,0.00440366,6
2323.92,0.0113136,0.00555248,7,0.0565062,0.0215527,9,0.0113838,0.00735929,17,0.013106,0.00500592,6
2325.94,0.0112858,0.00553407,7,0.0572496,0.0217608,9,0.0117195,0.00764029,17,0.0125376,0.00447925,6
2327.96,0.011234,0.00558325,7,0.0584941,0.0222015,9,0.0117913,0.00793476,17,0.0123907,0.00405099,6
2329.98,0.01126,0.00564592,7,0.0592119,0.0227623,9,0.0119778,0.00822419,17,0.0124847,0.00390243,6
2332,0.0112081,0.00531049,7,0.0604129,0.0231943,9,0.0121068,0.00829084,17,0.0122954,0.0033874,6
2334.02,0.0109553,0.00524593,7,0.0615824,0.0234189,9,0.0122811,0.00852865,17,0.0128552,0.00398712,6
2336.03,0.0109834,0.00506767,7,0.0631899,0.0242499,9,0.0124131,0.00875531,17,0.013122,0.00446372,6
2338.05,0.0112003,0.00505957,7,0.0645499,0.0244226,9,0.0126211,0.00875828,17,0.0130268,0.00469166,6
2340.06,0.0108649,0.00412482,7,0.0662419,0.0256827,9,0.0126697,0.00878727,17,0.0133402,0.00507201,6
2342.08,0.0108247,0.00373885,7,0.0674478,0.0263793,9,0.0127397,0.00874949,17,0.0136886,0.0053063,6
2344.09,0.0111962,0.00424383,7,0.0688833,0.0272088,9,0.0127733,0.00887675,17,0.0138224,0.0059842,6
2346.11,0.011393,0.00466257,7,0.0703397,0.0278884,9,0.0129423,0.00912249,17,0.0139209,0.00577181,6
2348.12,0.0113591,0.00464752,7,0.0711408,0.0283968,9,0.0133489,0.00964396,17,0.0137553,0.00600984,6
2350.13,0.0109968,0.00460277,7,0.0722786,0.0294227,9,0.0135205,0.00951805,17,0.014132,0.00622135,6
2352.14,0.0109501,0.00468587,7,0.0730306,0.0300381,9,0.0136521,0.00987693,17,0.0136898,0.00604696,6
2354.15,0.0106658,0.00488371,7,0.074499,0.0303873,9,0.0138136,0.0101702,17,0.0138035,0.00578057,6
2356.15,0.0109227,0.0053889,7,0.0755837,0.0313321,9,0.013923,0.0102583,17,0.0144375,0.00558761,6
2358.16,0.0109883,0.00558161,7,0.0758872,0.0318765,9,0.014038,0.0101407,17,0.0145544,0.00523808,6
2360.17,0.0109169,0.00580368,7,0.076785,0.0314709,9,0.0139718,0.0101701,17,0.0148679,0.00540748,6
2362.17,0.0108672,0.0062479,7,0.077116,0.0310873,9,0.0140474,0.0102309,17,0.0148373,0.00562021,6
2364.18,0.0109014,0.00584965,7,0.0780167,0.0311647,9,0.0141162,0.0103307,17,0.0149285,0.0056052,6
2366.18,0.011183,0.00566298,7,0.0781777,0.0307217,9,0.0142813,0.0103757,17,0.0152359,0.0055077,6
2368.18,0.011402,0.00556771,7,0.0789656,0.0308066,9,0.0141713,0.0102695,17,0.0152863,0.0055244,6
2370.19,0.0119048,0.00600956,7,0.0793764,0.030307,9,0.0141642,0.0102926,17,0.0149726,0.00554483,6
2372.19,0.0122506,0.00623113,7,0.08044,0.0315785,9,0.0141139,0.0102784,17,0.0147291,0.00562835,6
2374.19,0.0123201,0.00675469,7,0.0812926,0.0317482,9,0.0141716,0.0103565,17,0.0142012,0.00569105,6
2376.19,0.0121846,0.00645153,7,0.0819691,0.0325365,9,0.0141276,0.0101018,17,0.0138926,0.00606643,6
2378.18,0.0123974,0.00668456,7,0.0830584,0.0328376,9,0.0139203,0.0098208,17,0.0136005,0.00579686,6
2380.18,0.0128294,0.00711532,7,0.0841046,0.0330024,9,0.0139423,0.00989675,17,0.0134179,0.0059436,6
2382.18,0.0126217,0.0071552,7,0.0854003,0.033973,9,0.0139672,0.00986944,17,0.0136748,0.00611997,6
2384.17,0.0127156,0.00720333,7,0.0865317,0.034812,9,0.0140951,0.0100797,17,0.0140075,0.0065544,6
2386.17,0.0127988,0.00737679,7,0.0880295,0.0360331,9,0.0141048,0.010194,17,0.0141447,0.00651229,6
2388.16,0.0127676,0.00733368,7,0.0896684,0.0367516,9,0.0143354,0.0106406,17,0.0142372,0.00654435,6
2390.15,0.0127415,0.00732851,7,0.0910066,0.0377247,9,0.0148184,0.0112913,17,0.0143582,0.00599723,6
2392.15,0.0128955,0.00722531,7,0.0919945,0.038507,9,0.0151742,0.0121022,17,0.0153939,0.00600332,6
2394.14,0.0134283,0.00720313,7,0.0930397,0.0390851,9,0.0157231,0.0128907,17,0.0160135,0.00613737,6
2396.13,0.0140889,0.00746751,7,0.0939642,0.0393371,9,0.0160324,0.0134348,17,0.0163869,0.00617704,6
2398.12,0.0143073,0.00728167,7,0.0945156,0.0389326,9,0.0163498,0.0137712,17,0.0168905,0.00627762,6
2400.1,0.0141507,0.00729934,7,0.0961941,0.0399066,9,0.016595,0.0139321,17,0.0175855,0.00610277,6
2402.09,0.014305,0.00709929,7,0.0972527,0.0391702,9,0.0166426,0.0137775,17,0.0178927,0.00613071,6
2404.08,0.0144,0.0072329,7,0.098375,0.0397401,9,0.0165098,0.0134774,17,0.0181625,0.00614698,6
2406.06,0.0145055,0.00725711,7,0.0991648,0.0393463,9,0.0164695,0.0133201,17,0.0186177,0.00596474,6
2408.05,0.0145863,0.00769035,7,0.100009,0.0389252,9,0.0165496,0.0131881,17,0.018728,0.00648332,6
2410.03,0.0144044,0.00758689,7,0.100576,0.0391175,9,0.0163832,0.0129943,17,0.0187914,0.00684553,6
2412.02,0.0143052,0.00772678,7,0.101836,0.0394409,9,0.0164656,0.0130443,17,0.0188538,0.00743264,6
2414,0.0141825,0.00763205,7,0.103394,0.0404525,9,0.0165077,0.0130257,17,0.0184683,0.00718142,6
2415.98,0.0143508,0.00779234,7,0.104984,0.0409332,9,0.0167418,0.0133931,17,0.0177612,0.00700782,6
2417.96,0.0143657,0.00790299,7,0.106855,0.0422883,9,0.0169774,0.0138385,17,0.0173505,0.00665709,6
2419.94,0.0142355,0.00785183,7,0.107791,0.0431812,9,0.0170659,0.0140426,17,0.0170829,0.00671136,6
2421.92,0.0144428,0.00807845,7,0.109138,0.0444185,9,0.0173928,0.0143007,17,0.0166798,0.00701026,6
2423.89,0.0143212,0.00825304,7,0.110046,0.0446447,9,0.0176188,0.0142992,17,0.0166336,0.00716686,6
2425.87,0.0141089,0.00797703,7,0.111458,0.0447415,9,0.0178519,0.0144015,17,0.0170071,0.00730131,6
2427.85,0.0141623,0.00861321,7,0.113256,0.0458196,9,0.0181445,0.0146992,17,0.0172367,0.00728821,6
2429.82,0.0142518,0.008248,7,0.114871,0.0463948,9,0.0181263,0.0146591,17,0.0170604,0.00727103,6
2431.8,0.0144254,0.00847611,7,0.116725,0.0473959,9,0.0183367,0.0148674,17,0.0178272,0.00796626,6
2433.77,0.014609,0.00868816,7,0.117718,0.047286,9,0.0186181,0.0151367,17,0.0187559,0.0083532,6
2435.74,0.0148007,0.00877203,7,0.119196,0.0472919,9,0.0187854,0.0152883,17,0.0194451,0.00880393,6
2437.71,0.0146556,0.00836657,7,0.120491,0.0479099,9,0.0189949,0.01535,17,0.0197484,0.00898061,6
2439.68,0.0144813,0.00810247,7,0.122426,0.0485419,9,0.0192315,0.0155101,17,0.0203621,0.0089219,6
2441.65,0.0145323,0.00787989,7,0.124027,0.0492641,9,0.0194431,0.0157193,17,0.0206803,0.00839394,6
2443.62,0.0149057,0.00802292,7,0.125989,0.0500208,9,0.019663,0.0160461,17,0.020571,0.00801967,6
2445.59,0.0148062,0.00800438,7,0.127109,0.0506968,9,0.0197305,0.0161624,17,0.0208481,0.00796707,6
2447.56,0.0149712,0.00834338,7,0.12833,0.0515844,9,0.0198403,0.0164541,17,0.0211523,0.0081735,6
2449.52,0.0151181,0.00851034,7,0.129352,0.0519385,9,0.0200215,0.0167454,17,0.0213517,0.00808873,6
2451.49,0.0152658,0.00889177,7,0.130303,0.0521812,9,0.0201031,0.0168948,17,0.021637,0.00840644,6
2453.45,0.0153647,0.00907622,7,0.131509,0.0526141,9,0.0202868,0.0173971,17,0.0219528,0.0089678,6
2455.42,0.0155567,0.00938684,7,0.132715,0.0532584,9,0.0204723,0.0176255,17,0.0215572,0.00910943,6
2457.38,0.0153551,0.00912911,7,0.134328,0.0542605,9,0.020554,0.0179407,17,0.0211327,0.00968585,6
2459.34,0.0155333,0.00951315,7,0.135589,0.0550315,9,0.0206829,0.0183825,17,0.0209779,0.0103242,6
2461.3,0.0154239,0.010183,7,0.136602,0.0553885,9,0.0208435,0.0187404,17,0.0206103,0.0102541,6
2463.26,0.0149644,0.00941183,7,0.138197,0.0557999,9,0.0209051,0.0187997,17,0.0203117,0.010531,6
2465.22,0.0148794,0.00914493,7,0.139683,0.0563883,9,0.0210398,0.0188804,17,0.0193482,0.0101922,6
2467.18,0.014756,0.00859796,7,0.141315,0.0571313,9,0.0210602,0.0188582,17,0.0192506,0.00994498,6
2469.13,0.0149982,0.00873289,7,0.143192,0.0581497,9,0.021318,0.0189403,17,0.0186885,0.00977326,6
2471.09,0.0152285,0.00880787,7,0.144916,0.0585586,9,0.0213526,0.0189663,17,0.0181022,0.00928209,6
2473.05,0.0153874,0.00899575,7,0.14638,0.0588999,9,0.0214134,0.0189292,17,0.0181302,0.00937699,6
2475,0.0160217,0.00953206,7,0.148338,0.0597605,9,0.0216626,0.0190326,17,0.0183069,0.00920844,6
2476.96,0.016142,0.00955007,7,0.149782,0.0599717,9,0.0219446,0.0191448,17,0.0186835,0.00932808,6
2478.91,0.0163442,0.00991338,7,0.151747,0.0609846,9,0.0221342,0.0192086,17,0.0196498,0.00921185,6
2480.86,0.0163474,0.00989565,7,0.153238,0.0614469,9,0.0222649,0.0194033,17,0.0206548,0.00933346,6
2482.81,0.0164325,0.0100224,7,0.154915,0.0622559,9,0.0225077,0.0197417,17,0.0218985,0.00957889,6
2484.76,0.0166808,0.0107904,7,0.156927,0.0635645,9,0.0226975,0.0201557,17,0.023352,0.00987825,6
2486.71,0.0167217,0.0112249,7,0.158557,0.0642295,9,0.0229283,0.020702,17,0.0251518,0.0100595,6
2488.66,0.0167279,0.0115473,7,0.160169,0.0648453,9,0.0231609,0.0212158,17,0.0268406,0.01022,6
2490.61,0.0167028,0.0116841,7,0.161774,0.0654223,9,0.0233909,0.0216363,17,0.0282672,0.010318,6
2492.55,0.0166494,0.011566,7,0.163384,0.065983,9,0.0236136,0.0219056,17,0.0292803,0.0103124,6
2494.5,0.0165712,0.0111411,7,0.165011,0.0665745,9,0.0238245,0.0219752,17,0.0297286,0.0101916,6
2496.45,0.0164713,0.0104001,7,0.166667,0.0672823,9,0.0240191,0.0218147,17,0.0294609,0.0100217,6
2498.39,0.0163531,0.00943534,7,0.168363,0.0682456,9,0.0241928,0.0214265,17,0.0283259,0.0100175,6
