group,display_group,spectrum_order,spectrum_id,raw_file,screen_positive,peak_225_position_cm-1,peak_225_height,peak_225_prominence,peak_294_position_cm-1,peak_294_height,peak_294_prominence,peak_412_position_cm-1,peak_412_height,peak_412_prominence,peak_613_position_cm-1,peak_613_height,peak_613_prominence,peak_1006_position_cm-1,peak_1006_height,peak_1006_prominence,asls_lambda,asls_p,asls_iterations,sg_window,sg_order,normalisation
1,S1,1,1-YDC_11,1/1-YDC_11.txt,1,224.8490,0.3489,0.3336,293.8300,0.7173,0.7136,411.9440,0.5310,0.5310,613.1300,0.2586,0.2586,1008.7000,1.0000,0.9998,1000000.0,0.01,12,5,3,maximum in 100–1800 cm-1
1,S1,2,1-YDC_12,1/1-YDC_12.txt,1,224.8490,0.4295,0.3972,293.8300,1.0000,0.9935,411.9440,0.6026,0.6026,613.1300,0.3622,0.3622,1006.0600,0.9929,0.9929,1000000.0,0.01,12,5,3,maximum in 100–1800 cm-1
1,S1,3,1-YDC_13,1/1-YDC_13.txt,1,224.8490,0.3383,0.3351,293.8300,0.6690,0.6690,411.9440,0.4263,0.4259,613.1300,0.2552,0.2552,1008.7000,1.0000,0.9992,1000000.0,0.01,12,5,3,maximum in 100–1800 cm-1
1,S1,4,1-YDC_14,1/1-YDC_14.txt,1,224.8490,0.4970,0.4736,293.8300,1.0000,1.0000,411.9440,0.4648,0.4648,613.1300,0.2475,0.2475,1008.7000,0.3244,0.3243,1000000.0,0.01,12,5,3,maximum in 100–1800 cm-1
1,S1,5,1-YDC_15,1/1-YDC_15.txt,1,227.8640,0.5142,0.4890,293.8300,1.0000,1.0000,411.9440,0.4478,0.4453,613.1300,0.2110,0.2110,1006.0600,0.2028,0.2018,1000000.0,0.01,12,5,3,maximum in 100–1800 cm-1
1,S1,6,1-YDC_16,1/1-YDC_16.txt,1,224.8490,0.4566,0.4357,293.8300,1.0000,1.0000,411.9440,0.5502,0.5502,615.9540,0.2617,0.2617,1008.7000,0.5731,0.5726,1000000.0,0.01,12,5,3,maximum in 100–1800 cm-1
1,S1,7,1-YDC_17,1/1-YDC_17.txt,1,227.8640,0.5194,0.5009,293.8300,1.0000,1.0000,411.9440,0.5038,0.5038,613.1300,0.2262,0.2262,1006.0600,0.2723,0.2723,1000000.0,0.01,12,5,3,maximum in 100–1800 cm-1
2,S2,1,2-YDC_1,2/2-YDC_1.txt,1,227.8640,0.6714,0.2216,293.8300,0.9175,0.9175,411.9440,0.9130,0.4402,610.3040,0.4647,0.1417,1008.7000,1.0000,1.0000,1000000.0,0.01,12,5,3,maximum in 100–1800 cm-1
2,S2,2,2-YDC_2,2/2-YDC_2.txt,1,227.8640,0.6723,0.5037,293.8300,1.0000,1.0000,411.9440,0.4969,0.3557,613.1300,0.2642,0.1755,1008.7000,0.1400,0.1400,1000000.0,0.01,12,5,3,maximum in 100–1800 cm-1
2,S2,3,2-YDC_3,2/2-YDC_3.txt,1,224.8490,0.5358,0.2626,293.8300,1.0000,1.0000,411.9440,0.6567,0.4079,613.1300,0.3848,0.2354,1008.7000,0.2878,0.2878,1000000.0,0.01,12,5,3,maximum in 100–1800 cm-1
2,S2,4,2-YDC_4,2/2-YDC_4.txt,1,224.8490,0.6307,0.0917,296.8120,0.9558,0.9558,411.9440,0.8618,0.3552,610.3040,0.5473,0.2579,1008.7000,1.0000,1.0000,1000000.0,0.01,12,5,3,maximum in 100–1800 cm-1
2,S2,5,2-YDC_5,2/2-YDC_5.txt,1,224.8490,0.7427,0.1701,296.8120,1.0000,1.0000,411.9440,0.9377,0.3189,613.1300,0.5734,0.2345,1008.7000,0.8555,0.8555,1000000.0,0.01,12,5,3,maximum in 100–1800 cm-1
2,S2,6,2-YDC_6,2/2-YDC_6.txt,1,227.8640,0.5940,0.3789,293.8300,1.0000,1.0000,411.9440,0.5622,0.3944,615.9540,0.2876,0.1942,1008.7000,0.2471,0.2471,1000000.0,0.01,12,5,3,maximum in 100–1800 cm-1
2,S2,7,2-YDC_7,2/2-YDC_7.txt,1,224.8490,0.5104,0.2783,293.8300,1.0000,1.0000,411.9440,0.6987,0.4970,613.1300,0.3356,0.2247,1008.7000,0.4543,0.4543,1000000.0,0.01,12,5,3,maximum in 100–1800 cm-1
2,S2,8,2-YDC_8,2/2-YDC_8.txt,1,227.8640,0.6105,0.2475,293.8300,1.0000,1.0000,411.9440,0.8129,0.4641,613.1300,0.4571,0.2281,1008.7000,0.6188,0.6188,1000000.0,0.01,12,5,3,maximum in 100–1800 cm-1
2,S2,9,2-YDC_9,2/2-YDC_9.txt,1,224.8490,0.6061,0.3374,293.8300,1.0000,1.0000,411.9440,0.6299,0.3806,615.9540,0.3419,0.1896,1008.7000,0.3240,0.3240,1000000.0,0.01,12,5,3,maximum in 100–1800 cm-1
3,S4,1,3-YDC,3/3-1/3-YDC.txt,1,224.8490,0.4634,0.4507,293.8300,1.0000,0.9948,411.9440,0.6826,0.6820,613.1300,0.3006,0.2995,1006.0600,0.8969,0.8969,1000000.0,0.01,12,5,3,maximum in 100–1800 cm-1
3,S4,2,3-YDC_1,3/3-1/3-YDC_1.txt,1,227.8640,0.4425,0.4235,293.8300,1.0000,0.9995,411.9440,0.6034,0.6018,613.1300,0.2768,0.2768,1006.0600,0.5775,0.5762,1000000.0,0.01,12,5,3,maximum in 100–1800 cm-1
3,S4,3,3-YDC_2,3/3-1/3-YDC_2.txt,1,224.8490,0.4916,0.4666,293.8300,1.0000,1.0000,411.9440,0.5703,0.5680,613.1300,0.2781,0.2734,1008.7000,0.7144,0.7125,1000000.0,0.01,12,5,3,maximum in 100–1800 cm-1
3,S4,4,3-YDC_3,3/3-2/3-YDC_3.txt,1,224.8490,0.5728,0.5452,290.8480,1.0000,1.0000,409.0190,0.4264,0.4255,610.3040,0.2035,0.2030,,,,1000000.0,0.01,12,5,3,maximum in 100–1800 cm-1
3,S4,5,3-YDC_4,3/3-2/3-YDC_4.txt,1,224.8490,0.5123,0.4955,293.8300,1.0000,1.0000,409.0190,0.4579,0.4563,613.1300,0.2161,0.2131,,,,1000000.0,0.01,12,5,3,maximum in 100–1800 cm-1
3,S4,6,3-YDC_5,3/3-3/3-YDC_5.txt,1,224.8490,0.5555,0.4645,293.8300,1.0000,1.0000,409.0190,0.4080,0.3867,613.1300,0.2092,0.1956,,,,1000000.0,0.01,12,5,3,maximum in 100–1800 cm-1
3,S4,7,3-YDC_6,3/3-3/3-YDC_6.txt,1,224.8490,0.5031,0.4452,293.8300,1.0000,1.0000,409.0190,0.4349,0.4335,613.1300,0.2239,0.2212,,,,1000000.0,0.01,12,5,3,maximum in 100–1800 cm-1
3,S4,8,3-YDC_7,3/3-1/3-YDC_7.txt,1,224.8490,0.4855,0.4667,293.8300,1.0000,1.0000,411.9440,0.5413,0.5412,613.1300,0.2569,0.2569,1006.0600,0.4715,0.4707,1000000.0,0.01,12,5,3,maximum in 100–1800 cm-1
3,S4,9,3-YDC_8,3/3-3/3-YDC_8.txt,1,224.8490,0.5690,0.5322,290.8480,1.0000,1.0000,409.0190,0.4131,0.4100,610.3040,0.1786,0.1783,,,,1000000.0,0.01,12,5,3,maximum in 100–1800 cm-1
3,S4,10,3-YDC_9,3/3-1/3-YDC_9.txt,1,227.8640,0.5708,0.5459,293.8300,1.0000,1.0000,411.9440,0.5627,0.5606,613.1300,0.2634,0.2634,1008.7000,0.7528,0.7528,1000000.0,0.01,12,5,3,maximum in 100–1800 cm-1
3,S4,11,3-YDC_10,3/3-YDC_10.txt,1,227.8640,0.5797,0.4529,293.8300,1.0000,1.0000,411.9440,0.6379,0.5414,613.1300,0.3455,0.2865,1006.0600,0.7081,0.7081,1000000.0,0.01,12,5,3,maximum in 100–1800 cm-1
3,S4,12,3-YDC_11,3/3-YDC_11.txt,1,227.8640,0.5498,0.4537,293.8300,1.0000,1.0000,411.9440,0.5762,0.4999,615.9540,0.3545,0.3050,1006.0600,0.6555,0.6555,1000000.0,0.01,12,5,3,maximum in 100–1800 cm-1
3,S4,13,3-YDC_12,3/3-1/3-YDC_12.txt,1,224.8490,0.3805,0.3498,293.8300,1.0000,1.0000,411.9440,0.6783,0.6757,613.1300,0.3071,0.3035,1008.7000,0.2490,0.2482,1000000.0,0.01,12,5,3,maximum in 100–1800 cm-1
3,S4,14,3-YDC_13,3/3-YDC_13.txt,1,224.8490,0.6413,0.6050,293.8300,1.0000,1.0000,409.0190,0.4007,0.4007,610.3040,0.1666,0.1666,,,,1000000.0,0.01,12,5,3,maximum in 100–1800 cm-1
3,S4,15,3-YDC_14,3/3-YDC_14.txt,1,224.8490,0.5357,0.4869,293.8300,1.0000,1.0000,409.0190,0.4079,0.3987,613.1300,0.1842,0.1838,,,,1000000.0,0.01,12,5,3,maximum in 100–1800 cm-1
3,S4,16,3-YDC_15,3/3-YDC_15.txt,1,224.8490,0.4426,0.4246,293.8300,1.0000,1.0000,411.9440,0.5629,0.5629,613.1300,0.2530,0.2530,1008.7000,0.4154,0.4154,1000000.0,0.01,12,5,3,maximum in 100–1800 cm-1
3,S4,17,3-YDC_16,3/3-YDC_16.txt,1,224.8490,0.5358,0.5073,293.8300,1.0000,1.0000,411.9440,0.4549,0.4548,613.1300,0.2049,0.2035,1008.7000,0.1249,0.1248,1000000.0,0.01,12,5,3,maximum in 100–1800 cm-1
4,Group 4,1,4-YDC,4/4-YDC.txt,0,,,,,,,,,,,,,,,,1000000.0,0.01,12,5,3,maximum in 100–1800 cm-1
4,Group 4,2,4-YDC_1,4/4-YDC_1.txt,0,,,,,,,,,,,,,,,,1000000.0,0.01,12,5,3,maximum in 100–1800 cm-1
4,Group 4,3,4-YDC_2,4/4-YDC_2.txt,0,,,,,,,,,,,,,,,,1000000.0,0.01,12,5,3,maximum in 100–1800 cm-1
4,Group 4,4,4-YDC_3,4/4-YDC_3.txt,0,,,,,,,,,,,,,,,,1000000.0,0.01,12,5,3,maximum in 100–1800 cm-1
4,Group 4,5,4-YDC_4,4/4-YDC_4.txt,0,,,,,,,,,,,,,,,,1000000.0,0.01,12,5,3,maximum in 100–1800 cm-1
4,Group 4,6,4-YDC_5,4/4-YDC_5.txt,0,,,,,,,,,,,,,,,,1000000.0,0.01,12,5,3,maximum in 100–1800 cm-1
